valve_id,segment_id,date,position_pct,state,response_time_sec,leak_test_result
V-01-1,01,2025-12-01,97.3,Open,2.5,Pass
V-01-2,01,2025-12-01,3.1,Closed,0.7,Pass
V-01-3,01,2025-12-01,95.8,Open,4.6,Pass
V-02-1,02,2025-12-01,99.5,Open,0.9,Pass
V-02-2,02,2025-12-01,96.2,Open,3.2,Pass
V-02-3,02,2025-12-01,98.7,Open,4.7,Pass
V-03-1,03,2025-12-01,97.2,Open,1.1,Pass
V-03-2,03,2025-12-01,98.7,Open,4.2,Pass
V-03-3,03,2025-12-01,97.8,Open,3.3,Pass
V-04-1,04,2025-12-01,97.6,Open,2.7,Pass
V-04-2,04,2025-12-01,95.4,Open,3.3,Pass
V-04-3,04,2025-12-01,96.3,Open,4.3,Pass
V-05-1,05,2025-12-01,99.2,Open,0.6,Pass
V-05-2,05,2025-12-01,95.5,Open,1.4,Pass
V-05-3,05,2025-12-01,6.0,Closed,1.3,Pass
V-06-1,06,2025-12-01,97.6,Open,1.1,Pass
V-06-2,06,2025-12-01,95.3,Open,3.7,Pass
V-06-3,06,2025-12-01,95.6,Open,2.5,Pass
V-07-1,07,2025-12-01,96.0,Open,1.9,Pass
V-07-2,07,2025-12-01,99.7,Open,3.7,Pass
V-07-3,07,2025-12-01,95.1,Open,3.6,Pass
V-01-1,01,2025-12-02,95.4,Open,1.7,Pass
V-01-2,01,2025-12-02,97.1,Open,2.0,Pass
V-01-3,01,2025-12-02,98.1,Open,4.8,Pass
V-02-1,02,2025-12-02,96.0,Open,1.8,Pass
V-02-2,02,2025-12-02,96.2,Open,3.7,Pass
V-02-3,02,2025-12-02,96.2,Open,1.6,Pass
V-03-1,03,2025-12-02,95.4,Open,2.7,Pass
V-03-2,03,2025-12-02,95.4,Open,4.0,Pass
V-03-3,03,2025-12-02,1.0,Closed,2.9,Pass
V-04-1,04,2025-12-02,95.3,Open,4.4,Pass
V-04-2,04,2025-12-02,97.8,Open,0.8,Pass
V-04-3,04,2025-12-02,95.7,Open,1.6,Pass
V-05-1,05,2025-12-02,98.1,Open,3.9,Pass
V-05-2,05,2025-12-02,98.5,Open,2.1,Pass
V-05-3,05,2025-12-02,97.4,Open,1.6,Pass
V-06-1,06,2025-12-02,97.7,Open,2.2,Pass
V-06-2,06,2025-12-02,22.5,Closed,3.4,Pass
V-06-3,06,2025-12-02,95.2,Open,5.0,Pass
V-07-1,07,2025-12-02,97.1,Open,3.6,Pass
V-07-2,07,2025-12-02,95.2,Open,4.3,Pass
V-07-3,07,2025-12-02,25.1,Closed,1.7,Pass
V-01-1,01,2025-12-03,95.9,Open,3.2,Pass
V-01-2,01,2025-12-03,98.9,Open,2.3,Pass
V-01-3,01,2025-12-03,96.0,Open,2.1,Pass
V-02-1,02,2025-12-03,98.7,Open,3.9,Pass
V-02-2,02,2025-12-03,99.6,Open,4.6,Pass
V-02-3,02,2025-12-03,98.7,Open,3.5,Pass
V-03-1,03,2025-12-03,96.0,Open,3.4,Pass
V-03-2,03,2025-12-03,98.7,Open,4.3,Pass
V-03-3,03,2025-12-03,96.7,Open,2.4,Pass
V-04-1,04,2025-12-03,99.8,Open,0.9,Pass
V-04-2,04,2025-12-03,95.7,Open,4.0,Pass
V-04-3,04,2025-12-03,98.2,Open,1.5,Pass
V-05-1,05,2025-12-03,99.3,Open,3.1,Pass
V-05-2,05,2025-12-03,96.3,Open,4.6,Fail
V-05-3,05,2025-12-03,10.7,Closed,3.1,Pass
V-06-1,06,2025-12-03,96.4,Open,3.5,Pass
V-06-2,06,2025-12-03,95.7,Open,2.4,Pass
V-06-3,06,2025-12-03,97.6,Open,2.5,Pass
V-07-1,07,2025-12-03,96.3,Open,2.2,Pass
V-07-2,07,2025-12-03,99.3,Open,4.1,Pass
V-07-3,07,2025-12-03,96.0,Open,4.9,Pass
V-01-1,01,2025-12-04,99.8,Open,2.1,Pass
V-01-2,01,2025-12-04,98.0,Open,4.6,Pass
V-01-3,01,2025-12-04,97.0,Open,0.6,Pass
V-02-1,02,2025-12-04,99.1,Open,1.7,Pass
V-02-2,02,2025-12-04,97.5,Open,1.8,Pass
V-02-3,02,2025-12-04,97.6,Open,1.7,Pass
V-03-1,03,2025-12-04,97.7,Open,2.2,Pass
V-03-2,03,2025-12-04,95.7,Open,0.7,Pass
V-03-3,03,2025-12-04,96.4,Open,0.6,Pass
V-04-1,04,2025-12-04,99.5,Open,2.9,Pass
V-04-2,04,2025-12-04,97.2,Open,4.0,Pass
V-04-3,04,2025-12-04,96.6,Open,2.5,Pass
V-05-1,05,2025-12-04,96.5,Open,2.9,Pass
V-05-2,05,2025-12-04,99.0,Open,4.0,Pass
V-05-3,05,2025-12-04,98.9,Open,1.9,Fail
V-06-1,06,2025-12-04,95.0,Open,2.2,Pass
V-06-2,06,2025-12-04,96.3,Open,3.3,Pass
V-06-3,06,2025-12-04,97.7,Open,0.9,Pass
V-07-1,07,2025-12-04,97.3,Open,3.1,Pass
V-07-2,07,2025-12-04,98.8,Open,4.5,Pass
V-07-3,07,2025-12-04,98.5,Open,4.5,Pass
V-01-1,01,2025-12-05,96.9,Open,3.5,Pass
V-01-2,01,2025-12-05,97.8,Open,3.0,Pass
V-01-3,01,2025-12-05,95.5,Open,2.0,Pass
V-02-1,02,2025-12-05,99.3,Open,4.8,Pass
V-02-2,02,2025-12-05,98.9,Open,4.6,Pass
V-02-3,02,2025-12-05,95.3,Open,1.0,Pass
V-03-1,03,2025-12-05,3.3,Closed,2.9,Pass
V-03-2,03,2025-12-05,98.7,Open,2.1,Pass
V-03-3,03,2025-12-05,98.9,Open,1.7,Pass
V-04-1,04,2025-12-05,95.5,Open,4.0,Pass
V-04-2,04,2025-12-05,99.9,Open,4.8,Pass
V-04-3,04,2025-12-05,96.1,Open,2.7,Pass
V-05-1,05,2025-12-05,19.5,Closed,0.6,Pass
V-05-2,05,2025-12-05,95.5,Open,2.0,Pass
V-05-3,05,2025-12-05,98.1,Open,3.0,Pass
V-06-1,06,2025-12-05,98.4,Open,2.4,Pass
V-06-2,06,2025-12-05,100.0,Open,2.0,Pass
V-06-3,06,2025-12-05,98.5,Open,2.2,Pass
V-07-1,07,2025-12-05,95.4,Open,1.7,Pass
V-07-2,07,2025-12-05,99.1,Open,1.1,Fail
V-07-3,07,2025-12-05,95.3,Open,1.0,Pass
V-01-1,01,2025-12-06,96.5,Open,1.7,Pass
V-01-2,01,2025-12-06,98.1,Open,5.0,Pass
V-01-3,01,2025-12-06,97.8,Open,2.9,Pass
V-02-1,02,2025-12-06,96.2,Open,2.7,Pass
V-02-2,02,2025-12-06,97.4,Open,4.4,Pass
V-02-3,02,2025-12-06,97.5,Open,0.7,Pass
V-03-1,03,2025-12-06,96.4,Open,3.3,Pass
V-03-2,03,2025-12-06,21.2,Closed,0.7,Pass
V-03-3,03,2025-12-06,97.3,Open,3.5,Pass
V-04-1,04,2025-12-06,99.5,Open,1.5,Pass
V-04-2,04,2025-12-06,99.3,Open,4.4,Pass
V-04-3,04,2025-12-06,96.5,Open,1.9,Pass
V-05-1,05,2025-12-06,99.6,Open,4.5,Pass
V-05-2,05,2025-12-06,99.3,Open,0.9,Pass
V-05-3,05,2025-12-06,96.8,Open,1.8,Pass
V-06-1,06,2025-12-06,95.1,Open,3.9,Pass
V-06-2,06,2025-12-06,99.1,Open,4.8,Pass
V-06-3,06,2025-12-06,98.0,Open,4.4,Pass
V-07-1,07,2025-12-06,99.5,Open,4.0,Pass
V-07-2,07,2025-12-06,99.1,Open,3.9,Pass
V-07-3,07,2025-12-06,95.2,Open,3.9,Pass
V-01-1,01,2025-12-07,97.2,Open,2.7,Pass
V-01-2,01,2025-12-07,98.2,Open,3.3,Pass
V-01-3,01,2025-12-07,97.6,Open,4.1,Fail
V-02-1,02,2025-12-07,95.1,Open,2.0,Pass
V-02-2,02,2025-12-07,98.6,Open,2.3,Pass
V-02-3,02,2025-12-07,98.4,Open,4.6,Pass
V-03-1,03,2025-12-07,96.2,Open,1.2,Pass
V-03-2,03,2025-12-07,99.1,Open,4.9,Pass
V-03-3,03,2025-12-07,98.8,Open,2.2,Pass
V-04-1,04,2025-12-07,96.6,Open,5.0,Pass
V-04-2,04,2025-12-07,95.9,Open,1.8,Pass
V-04-3,04,2025-12-07,95.6,Open,0.7,Pass
V-05-1,05,2025-12-07,97.2,Open,4.4,Pass
V-05-2,05,2025-12-07,97.9,Open,2.8,Pass
V-05-3,05,2025-12-07,97.3,Open,5.0,Pass
V-06-1,06,2025-12-07,97.2,Open,3.3,Pass
V-06-2,06,2025-12-07,96.8,Open,3.9,Pass
V-06-3,06,2025-12-07,96.7,Open,3.0,Pass
V-07-1,07,2025-12-07,96.4,Open,1.2,Pass
V-07-2,07,2025-12-07,97.8,Open,2.2,Pass
V-07-3,07,2025-12-07,98.2,Open,0.8,Pass
V-01-1,01,2025-12-08,99.9,Open,1.4,Pass
V-01-2,01,2025-12-08,95.6,Open,4.2,Pass
V-01-3,01,2025-12-08,97.7,Open,1.7,Pass
V-02-1,02,2025-12-08,96.5,Open,0.7,Pass
V-02-2,02,2025-12-08,97.3,Open,2.5,Pass
V-02-3,02,2025-12-08,96.1,Open,3.8,Pass
V-03-1,03,2025-12-08,95.0,Open,3.2,Pass
V-03-2,03,2025-12-08,97.8,Open,2.7,Pass
V-03-3,03,2025-12-08,96.6,Open,3.2,Pass
V-04-1,04,2025-12-08,97.0,Open,3.3,Pass
V-04-2,04,2025-12-08,95.5,Open,2.3,Pass
V-04-3,04,2025-12-08,99.9,Open,1.3,Pass
V-05-1,05,2025-12-08,100.0,Open,2.1,Pass
V-05-2,05,2025-12-08,99.1,Open,2.5,Pass
V-05-3,05,2025-12-08,95.4,Open,4.7,Pass
V-06-1,06,2025-12-08,96.4,Open,4.1,Pass
V-06-2,06,2025-12-08,96.8,Open,3.8,Fail
V-06-3,06,2025-12-08,95.6,Open,1.8,Pass
V-07-1,07,2025-12-08,99.1,Open,2.3,Pass
V-07-2,07,2025-12-08,96.5,Open,1.8,Pass
V-07-3,07,2025-12-08,97.7,Open,2.7,Pass
V-01-1,01,2025-12-09,95.1,Open,3.0,Pass
V-01-2,01,2025-12-09,99.5,Open,4.3,Pass
V-01-3,01,2025-12-09,98.1,Open,4.7,Pass
V-02-1,02,2025-12-09,99.1,Open,4.2,Pass
V-02-2,02,2025-12-09,95.8,Open,1.2,Fail
V-02-3,02,2025-12-09,98.8,Open,3.4,Pass
V-03-1,03,2025-12-09,98.3,Open,0.5,Pass
V-03-2,03,2025-12-09,98.5,Open,4.4,Pass
V-03-3,03,2025-12-09,97.5,Open,1.7,Pass
V-04-1,04,2025-12-09,98.0,Open,3.8,Pass
V-04-2,04,2025-12-09,98.6,Open,3.7,Pass
V-04-3,04,2025-12-09,95.9,Open,2.9,Pass
V-05-1,05,2025-12-09,99.6,Open,2.7,Pass
V-05-2,05,2025-12-09,99.0,Open,3.2,Pass
V-05-3,05,2025-12-09,12.1,Closed,2.8,Pass
V-06-1,06,2025-12-09,98.6,Open,1.6,Pass
V-06-2,06,2025-12-09,99.9,Open,3.2,Pass
V-06-3,06,2025-12-09,98.8,Open,4.8,Pass
V-07-1,07,2025-12-09,95.5,Open,4.0,Pass
V-07-2,07,2025-12-09,96.0,Open,1.1,Pass
V-07-3,07,2025-12-09,99.7,Open,3.7,Pass
V-01-1,01,2025-12-10,98.9,Open,1.8,Pass
V-01-2,01,2025-12-10,97.8,Open,1.7,Pass
V-01-3,01,2025-12-10,95.1,Open,4.9,Pass
V-02-1,02,2025-12-10,99.3,Open,1.1,Pass
V-02-2,02,2025-12-10,99.8,Open,3.8,Pass
V-02-3,02,2025-12-10,98.2,Open,4.0,Pass
V-03-1,03,2025-12-10,99.5,Open,4.9,Pass
V-03-2,03,2025-12-10,100.0,Open,1.0,Pass
V-03-3,03,2025-12-10,99.4,Open,4.3,Pass
V-04-1,04,2025-12-10,98.4,Open,2.3,Pass
V-04-2,04,2025-12-10,98.6,Open,0.7,Pass
V-04-3,04,2025-12-10,98.9,Open,0.9,Pass
V-05-1,05,2025-12-10,99.9,Open,3.1,Pass
V-05-2,05,2025-12-10,96.4,Open,3.5,Pass
V-05-3,05,2025-12-10,98.0,Open,4.5,Pass
V-06-1,06,2025-12-10,99.6,Open,3.5,Pass
V-06-2,06,2025-12-10,98.2,Open,0.9,Pass
V-06-3,06,2025-12-10,96.9,Open,3.9,Pass
V-07-1,07,2025-12-10,99.1,Open,4.1,Pass
V-07-2,07,2025-12-10,96.8,Open,1.4,Pass
V-07-3,07,2025-12-10,98.9,Open,1.2,Pass
V-01-1,01,2025-12-11,98.8,Open,2.0,Pass
V-01-2,01,2025-12-11,99.1,Open,2.2,Pass
V-01-3,01,2025-12-11,98.6,Open,2.5,Pass
V-02-1,02,2025-12-11,97.1,Open,4.0,Pass
V-02-2,02,2025-12-11,95.2,Open,2.5,Pass
V-02-3,02,2025-12-11,99.1,Open,0.6,Pass
V-03-1,03,2025-12-11,95.3,Open,0.9,Pass
V-03-2,03,2025-12-11,95.2,Open,4.6,Fail
V-03-3,03,2025-12-11,98.7,Open,0.7,Pass
V-04-1,04,2025-12-11,96.4,Open,2.2,Pass
V-04-2,04,2025-12-11,99.9,Open,1.4,Pass
V-04-3,04,2025-12-11,99.3,Open,3.1,Pass
V-05-1,05,2025-12-11,95.7,Open,3.9,Pass
V-05-2,05,2025-12-11,3.6,Closed,1.7,Pass
V-05-3,05,2025-12-11,95.2,Open,3.5,Pass
V-06-1,06,2025-12-11,97.3,Open,2.1,Pass
V-06-2,06,2025-12-11,99.3,Open,1.9,Pass
V-06-3,06,2025-12-11,95.1,Open,2.4,Pass
V-07-1,07,2025-12-11,96.3,Open,1.6,Pass
V-07-2,07,2025-12-11,98.8,Open,3.0,Pass
V-07-3,07,2025-12-11,99.1,Open,2.9,Pass
V-01-1,01,2025-12-12,97.9,Open,1.1,Pass
V-01-2,01,2025-12-12,97.5,Open,4.3,Pass
V-01-3,01,2025-12-12,95.8,Open,3.9,Pass
V-02-1,02,2025-12-12,3.9,Closed,1.6,Pass
V-02-2,02,2025-12-12,95.4,Open,3.8,Pass
V-02-3,02,2025-12-12,99.8,Open,4.3,Pass
V-03-1,03,2025-12-12,97.3,Open,2.2,Fail
V-03-2,03,2025-12-12,96.9,Open,4.7,Pass
V-03-3,03,2025-12-12,96.9,Open,2.9,Pass
V-04-1,04,2025-12-12,97.8,Open,4.6,Pass
V-04-2,04,2025-12-12,98.0,Open,5.0,Pass
V-04-3,04,2025-12-12,98.2,Open,3.0,Pass
V-05-1,05,2025-12-12,95.2,Open,3.8,Pass
V-05-2,05,2025-12-12,96.0,Open,2.7,Pass
V-05-3,05,2025-12-12,99.6,Open,4.2,Pass
V-06-1,06,2025-12-12,96.2,Open,0.5,Pass
V-06-2,06,2025-12-12,98.3,Open,3.1,Pass
V-06-3,06,2025-12-12,97.4,Open,4.2,Pass
V-07-1,07,2025-12-12,98.8,Open,1.6,Pass
V-07-2,07,2025-12-12,20.0,Closed,4.9,Pass
V-07-3,07,2025-12-12,99.0,Open,1.0,Pass
V-01-1,01,2025-12-13,98.9,Open,1.7,Pass
V-01-2,01,2025-12-13,95.4,Open,2.3,Pass
V-01-3,01,2025-12-13,98.2,Open,2.9,Pass
V-02-1,02,2025-12-13,95.9,Open,2.4,Pass
V-02-2,02,2025-12-13,99.8,Open,4.9,Pass
V-02-3,02,2025-12-13,99.2,Open,2.3,Pass
V-03-1,03,2025-12-13,97.3,Open,0.8,Pass
V-03-2,03,2025-12-13,97.4,Open,3.7,Pass
V-03-3,03,2025-12-13,96.1,Open,3.4,Pass
V-04-1,04,2025-12-13,96.6,Open,2.7,Pass
V-04-2,04,2025-12-13,97.6,Open,2.0,Pass
V-04-3,04,2025-12-13,98.2,Open,2.1,Pass
V-05-1,05,2025-12-13,98.8,Open,4.8,Pass
V-05-2,05,2025-12-13,98.4,Open,1.7,Pass
V-05-3,05,2025-12-13,99.1,Open,3.1,Pass
V-06-1,06,2025-12-13,98.7,Open,3.7,Fail
V-06-2,06,2025-12-13,95.3,Open,4.9,Pass
V-06-3,06,2025-12-13,95.6,Open,2.6,Pass
V-07-1,07,2025-12-13,15.6,Closed,0.7,Pass
V-07-2,07,2025-12-13,95.8,Open,0.8,Pass
V-07-3,07,2025-12-13,97.3,Open,2.0,Pass
V-01-1,01,2025-12-14,96.4,Open,1.0,Pass
V-01-2,01,2025-12-14,96.9,Open,1.7,Pass
V-01-3,01,2025-12-14,98.0,Open,2.8,Pass
V-02-1,02,2025-12-14,97.6,Open,4.4,Pass
V-02-2,02,2025-12-14,96.1,Open,3.3,Pass
V-02-3,02,2025-12-14,97.8,Open,1.2,Pass
V-03-1,03,2025-12-14,97.8,Open,4.6,Pass
V-03-2,03,2025-12-14,5.5,Closed,0.7,Pass
V-03-3,03,2025-12-14,97.3,Open,2.1,Pass
V-04-1,04,2025-12-14,96.0,Open,4.1,Pass
V-04-2,04,2025-12-14,96.5,Open,4.1,Pass
V-04-3,04,2025-12-14,95.5,Open,1.7,Pass
V-05-1,05,2025-12-14,96.3,Open,3.6,Fail
V-05-2,05,2025-12-14,98.5,Open,0.9,Pass
V-05-3,05,2025-12-14,96.6,Open,1.9,Pass
V-06-1,06,2025-12-14,99.0,Open,3.8,Pass
V-06-2,06,2025-12-14,98.3,Open,0.5,Pass
V-06-3,06,2025-12-14,96.0,Open,1.1,Pass
V-07-1,07,2025-12-14,98.9,Open,4.1,Pass
V-07-2,07,2025-12-14,98.2,Open,3.6,Pass
V-07-3,07,2025-12-14,96.2,Open,3.4,Pass
V-01-1,01,2025-12-15,96.6,Open,4.3,Pass
V-01-2,01,2025-12-15,97.7,Open,2.2,Pass
V-01-3,01,2025-12-15,99.7,Open,2.4,Pass
V-02-1,02,2025-12-15,97.1,Open,3.2,Pass
V-02-2,02,2025-12-15,97.4,Open,0.7,Pass
V-02-3,02,2025-12-15,95.8,Open,4.2,Pass
V-03-1,03,2025-12-15,96.7,Open,3.9,Pass
V-03-2,03,2025-12-15,99.7,Open,4.8,Pass
V-03-3,03,2025-12-15,97.7,Open,4.1,Pass
V-04-1,04,2025-12-15,97.3,Open,2.5,Pass
V-04-2,04,2025-12-15,16.3,Closed,4.7,Pass
V-04-3,04,2025-12-15,97.1,Open,4.5,Pass
V-05-1,05,2025-12-15,95.8,Open,1.7,Fail
V-05-2,05,2025-12-15,97.4,Open,3.4,Pass
V-05-3,05,2025-12-15,97.5,Open,3.2,Pass
V-06-1,06,2025-12-15,98.3,Open,4.1,Pass
V-06-2,06,2025-12-15,97.2,Open,4.8,Pass
V-06-3,06,2025-12-15,19.6,Closed,1.1,Pass
V-07-1,07,2025-12-15,95.4,Open,0.6,Pass
V-07-2,07,2025-12-15,99.4,Open,3.5,Pass
V-07-3,07,2025-12-15,98.1,Open,1.0,Pass
V-01-1,01,2025-12-16,98.2,Open,0.7,Pass
V-01-2,01,2025-12-16,98.8,Open,3.1,Pass
V-01-3,01,2025-12-16,95.1,Open,3.2,Pass
V-02-1,02,2025-12-16,97.1,Open,3.6,Pass
V-02-2,02,2025-12-16,95.0,Open,2.1,Pass
V-02-3,02,2025-12-16,96.7,Open,2.8,Pass
V-03-1,03,2025-12-16,96.1,Open,2.2,Pass
V-03-2,03,2025-12-16,96.8,Open,3.1,Pass
V-03-3,03,2025-12-16,96.5,Open,2.2,Pass
V-04-1,04,2025-12-16,95.0,Open,1.0,Pass
V-04-2,04,2025-12-16,99.6,Open,4.2,Pass
V-04-3,04,2025-12-16,95.9,Open,3.2,Pass
V-05-1,05,2025-12-16,99.9,Open,4.3,Pass
V-05-2,05,2025-12-16,95.2,Open,0.7,Pass
V-05-3,05,2025-12-16,14.4,Closed,0.7,Pass
V-06-1,06,2025-12-16,98.2,Open,3.9,Pass
V-06-2,06,2025-12-16,95.8,Open,2.6,Pass
V-06-3,06,2025-12-16,95.6,Open,2.9,Pass
V-07-1,07,2025-12-16,15.6,Closed,4.6,Pass
V-07-2,07,2025-12-16,99.6,Open,4.2,Pass
V-07-3,07,2025-12-16,99.4,Open,2.2,Pass
V-01-1,01,2025-12-17,98.4,Open,3.1,Pass
V-01-2,01,2025-12-17,95.7,Open,1.1,Pass
V-01-3,01,2025-12-17,96.8,Open,5.0,Pass
V-02-1,02,2025-12-17,98.5,Open,0.7,Fail
V-02-2,02,2025-12-17,96.2,Open,4.0,Pass
V-02-3,02,2025-12-17,98.2,Open,3.2,Pass
V-03-1,03,2025-12-17,97.2,Open,2.5,Pass
V-03-2,03,2025-12-17,97.7,Open,1.4,Pass
V-03-3,03,2025-12-17,96.9,Open,4.6,Pass
V-04-1,04,2025-12-17,99.7,Open,1.8,Pass
V-04-2,04,2025-12-17,95.3,Open,4.4,Pass
V-04-3,04,2025-12-17,96.9,Open,2.9,Pass
V-05-1,05,2025-12-17,95.8,Open,1.1,Pass
V-05-2,05,2025-12-17,97.0,Open,0.7,Pass
V-05-3,05,2025-12-17,96.2,Open,3.7,Pass
V-06-1,06,2025-12-17,99.0,Open,4.6,Pass
V-06-2,06,2025-12-17,96.6,Open,3.4,Pass
V-06-3,06,2025-12-17,96.5,Open,2.8,Pass
V-07-1,07,2025-12-17,99.1,Open,2.3,Pass
V-07-2,07,2025-12-17,98.3,Open,1.9,Pass
V-07-3,07,2025-12-17,98.1,Open,1.6,Pass
V-01-1,01,2025-12-18,97.4,Open,3.1,Pass
V-01-2,01,2025-12-18,95.0,Open,2.7,Pass
V-01-3,01,2025-12-18,95.0,Open,3.1,Pass
V-02-1,02,2025-12-18,95.4,Open,1.5,Pass
V-02-2,02,2025-12-18,95.8,Open,4.6,Pass
V-02-3,02,2025-12-18,96.8,Open,3.2,Pass
V-03-1,03,2025-12-18,97.2,Open,4.9,Pass
V-03-2,03,2025-12-18,95.7,Open,3.2,Fail
V-03-3,03,2025-12-18,95.9,Open,2.2,Pass
V-04-1,04,2025-12-18,95.3,Open,2.2,Pass
V-04-2,04,2025-12-18,99.2,Open,2.4,Pass
V-04-3,04,2025-12-18,98.6,Open,2.7,Pass
V-05-1,05,2025-12-18,96.5,Open,0.9,Pass
V-05-2,05,2025-12-18,98.5,Open,1.9,Pass
V-05-3,05,2025-12-18,95.6,Open,0.6,Pass
V-06-1,06,2025-12-18,96.5,Open,2.0,Pass
V-06-2,06,2025-12-18,99.9,Open,3.2,Pass
V-06-3,06,2025-12-18,95.8,Open,1.3,Pass
V-07-1,07,2025-12-18,98.5,Open,2.3,Pass
V-07-2,07,2025-12-18,98.6,Open,2.0,Pass
V-07-3,07,2025-12-18,97.4,Open,2.0,Pass
V-01-1,01,2025-12-19,97.1,Open,4.2,Pass
V-01-2,01,2025-12-19,97.2,Open,1.2,Pass
V-01-3,01,2025-12-19,98.7,Open,2.0,Pass
V-02-1,02,2025-12-19,96.1,Open,2.8,Pass
V-02-2,02,2025-12-19,96.6,Open,1.1,Pass
V-02-3,02,2025-12-19,96.1,Open,2.1,Pass
V-03-1,03,2025-12-19,98.1,Open,4.3,Pass
V-03-2,03,2025-12-19,98.8,Open,4.5,Pass
V-03-3,03,2025-12-19,98.8,Open,3.7,Pass
V-04-1,04,2025-12-19,95.8,Open,4.1,Fail
V-04-2,04,2025-12-19,96.8,Open,3.9,Pass
V-04-3,04,2025-12-19,99.5,Open,1.9,Pass
V-05-1,05,2025-12-19,99.9,Open,4.1,Pass
V-05-2,05,2025-12-19,99.1,Open,3.8,Pass
V-05-3,05,2025-12-19,99.7,Open,4.2,Pass
V-06-1,06,2025-12-19,97.2,Open,4.4,Pass
V-06-2,06,2025-12-19,98.9,Open,2.9,Pass
V-06-3,06,2025-12-19,96.9,Open,0.8,Pass
V-07-1,07,2025-12-19,97.5,Open,4.7,Pass
V-07-2,07,2025-12-19,97.5,Open,4.2,Pass
V-07-3,07,2025-12-19,97.9,Open,3.7,Pass
V-01-1,01,2025-12-20,97.4,Open,2.8,Fail
V-01-2,01,2025-12-20,97.1,Open,3.8,Pass
V-01-3,01,2025-12-20,97.2,Open,2.3,Pass
V-02-1,02,2025-12-20,98.7,Open,1.9,Pass
V-02-2,02,2025-12-20,99.9,Open,2.1,Pass
V-02-3,02,2025-12-20,95.0,Open,2.7,Pass
V-03-1,03,2025-12-20,97.6,Open,4.8,Pass
V-03-2,03,2025-12-20,99.6,Open,3.2,Pass
V-03-3,03,2025-12-20,96.7,Open,0.5,Pass
V-04-1,04,2025-12-20,97.3,Open,1.1,Pass
V-04-2,04,2025-12-20,96.4,Open,0.6,Pass
V-04-3,04,2025-12-20,98.5,Open,0.6,Pass
V-05-1,05,2025-12-20,97.0,Open,1.5,Pass
V-05-2,05,2025-12-20,99.2,Open,1.6,Pass
V-05-3,05,2025-12-20,96.1,Open,2.4,Pass
V-06-1,06,2025-12-20,99.1,Open,3.5,Pass
V-06-2,06,2025-12-20,99.2,Open,3.0,Pass
V-06-3,06,2025-12-20,99.7,Open,1.9,Pass
V-07-1,07,2025-12-20,96.7,Open,1.4,Pass
V-07-2,07,2025-12-20,99.4,Open,4.7,Pass
V-07-3,07,2025-12-20,98.2,Open,2.4,Pass
V-01-1,01,2025-12-21,98.8,Open,1.9,Pass
V-01-2,01,2025-12-21,97.0,Open,0.5,Pass
V-01-3,01,2025-12-21,99.3,Open,2.1,Pass
V-02-1,02,2025-12-21,97.7,Open,1.9,Pass
V-02-2,02,2025-12-21,12.8,Closed,4.1,Pass
V-02-3,02,2025-12-21,95.4,Open,1.2,Pass
V-03-1,03,2025-12-21,98.3,Open,4.0,Pass
V-03-2,03,2025-12-21,96.1,Open,4.9,Pass
V-03-3,03,2025-12-21,96.6,Open,3.0,Pass
V-04-1,04,2025-12-21,96.0,Open,1.1,Fail
V-04-2,04,2025-12-21,99.0,Open,4.3,Pass
V-04-3,04,2025-12-21,99.0,Open,3.1,Pass
V-05-1,05,2025-12-21,99.4,Open,3.4,Pass
V-05-2,05,2025-12-21,98.1,Open,2.5,Pass
V-05-3,05,2025-12-21,97.7,Open,1.3,Pass
V-06-1,06,2025-12-21,98.2,Open,1.0,Pass
V-06-2,06,2025-12-21,97.0,Open,2.3,Pass
V-06-3,06,2025-12-21,97.2,Open,1.1,Pass
V-07-1,07,2025-12-21,96.8,Open,3.6,Pass
V-07-2,07,2025-12-21,95.6,Open,2.3,Pass
V-07-3,07,2025-12-21,96.7,Open,4.8,Pass
V-01-1,01,2025-12-22,99.4,Open,3.0,Pass
V-01-2,01,2025-12-22,95.2,Open,3.9,Pass
V-01-3,01,2025-12-22,97.9,Open,4.7,Pass
V-02-1,02,2025-12-22,95.7,Open,4.7,Pass
V-02-2,02,2025-12-22,96.2,Open,1.9,Pass
V-02-3,02,2025-12-22,100.0,Open,1.9,Pass
V-03-1,03,2025-12-22,97.1,Open,3.0,Pass
V-03-2,03,2025-12-22,96.5,Open,3.4,Pass
V-03-3,03,2025-12-22,97.7,Open,1.8,Pass
V-04-1,04,2025-12-22,99.3,Open,5.0,Pass
V-04-2,04,2025-12-22,97.3,Open,2.1,Pass
V-04-3,04,2025-12-22,95.6,Open,4.1,Pass
V-05-1,05,2025-12-22,95.3,Open,4.3,Pass
V-05-2,05,2025-12-22,98.6,Open,2.3,Pass
V-05-3,05,2025-12-22,99.8,Open,0.7,Pass
V-06-1,06,2025-12-22,95.4,Open,4.3,Pass
V-06-2,06,2025-12-22,96.4,Open,4.9,Pass
V-06-3,06,2025-12-22,95.5,Open,4.6,Pass
V-07-1,07,2025-12-22,97.5,Open,2.6,Pass
V-07-2,07,2025-12-22,98.2,Open,3.3,Pass
V-07-3,07,2025-12-22,8.8,Closed,1.2,Pass
V-01-1,01,2025-12-23,28.1,Closed,1.5,Pass
V-01-2,01,2025-12-23,96.5,Open,2.9,Pass
V-01-3,01,2025-12-23,95.8,Open,4.4,Pass
V-02-1,02,2025-12-23,96.1,Open,3.5,Pass
V-02-2,02,2025-12-23,99.6,Open,0.8,Pass
V-02-3,02,2025-12-23,95.8,Open,4.3,Pass
V-03-1,03,2025-12-23,97.3,Open,1.8,Pass
V-03-2,03,2025-12-23,97.3,Open,2.8,Pass
V-03-3,03,2025-12-23,96.8,Open,2.8,Pass
V-04-1,04,2025-12-23,96.4,Open,4.9,Pass
V-04-2,04,2025-12-23,98.5,Open,1.6,Pass
V-04-3,04,2025-12-23,100.0,Open,2.1,Pass
V-05-1,05,2025-12-23,99.3,Open,2.4,Pass
V-05-2,05,2025-12-23,97.0,Open,3.4,Pass
V-05-3,05,2025-12-23,97.0,Open,2.2,Pass
V-06-1,06,2025-12-23,95.8,Open,3.7,Pass
V-06-2,06,2025-12-23,97.3,Open,1.3,Pass
V-06-3,06,2025-12-23,98.0,Open,1.5,Pass
V-07-1,07,2025-12-23,99.7,Open,2.1,Pass
V-07-2,07,2025-12-23,96.7,Open,3.2,Pass
V-07-3,07,2025-12-23,13.7,Closed,2.4,Pass
V-01-1,01,2025-12-24,97.8,Open,4.1,Pass
V-01-2,01,2025-12-24,7.4,Closed,4.3,Pass
V-01-3,01,2025-12-24,23.4,Closed,3.3,Pass
V-02-1,02,2025-12-24,98.1,Open,1.8,Pass
V-02-2,02,2025-12-24,98.2,Open,2.3,Pass
V-02-3,02,2025-12-24,96.7,Open,3.2,Pass
V-03-1,03,2025-12-24,98.5,Open,4.1,Pass
V-03-2,03,2025-12-24,96.9,Open,2.8,Pass
V-03-3,03,2025-12-24,99.8,Open,4.7,Pass
V-04-1,04,2025-12-24,98.7,Open,1.6,Pass
V-04-2,04,2025-12-24,28.0,Closed,0.6,Pass
V-04-3,04,2025-12-24,98.1,Open,2.7,Fail
V-05-1,05,2025-12-24,96.1,Open,2.6,Pass
V-05-2,05,2025-12-24,95.3,Open,3.1,Pass
V-05-3,05,2025-12-24,98.2,Open,2.2,Pass
V-06-1,06,2025-12-24,98.2,Open,4.4,Pass
V-06-2,06,2025-12-24,95.9,Open,0.9,Pass
V-06-3,06,2025-12-24,99.4,Open,1.2,Pass
V-07-1,07,2025-12-24,98.4,Open,4.6,Pass
V-07-2,07,2025-12-24,95.1,Open,1.9,Pass
V-07-3,07,2025-12-24,98.9,Open,1.8,Pass
V-01-1,01,2025-12-25,97.0,Open,1.7,Pass
V-01-2,01,2025-12-25,95.1,Open,2.4,Pass
V-01-3,01,2025-12-25,99.5,Open,3.0,Pass
V-02-1,02,2025-12-25,98.2,Open,3.4,Pass
V-02-2,02,2025-12-25,97.5,Open,4.4,Pass
V-02-3,02,2025-12-25,96.3,Open,0.8,Fail
V-03-1,03,2025-12-25,97.3,Open,4.8,Pass
V-03-2,03,2025-12-25,95.8,Open,0.8,Pass
V-03-3,03,2025-12-25,99.5,Open,3.6,Pass
V-04-1,04,2025-12-25,96.4,Open,4.4,Pass
V-04-2,04,2025-12-25,99.5,Open,2.9,Pass
V-04-3,04,2025-12-25,96.1,Open,2.9,Pass
V-05-1,05,2025-12-25,97.2,Open,5.0,Pass
V-05-2,05,2025-12-25,96.4,Open,2.6,Pass
V-05-3,05,2025-12-25,10.4,Closed,4.1,Pass
V-06-1,06,2025-12-25,100.0,Open,1.6,Pass
V-06-2,06,2025-12-25,96.1,Open,1.9,Pass
V-06-3,06,2025-12-25,99.2,Open,3.5,Pass
V-07-1,07,2025-12-25,95.9,Open,3.5,Pass
V-07-2,07,2025-12-25,95.8,Open,0.9,Pass
V-07-3,07,2025-12-25,97.8,Open,2.2,Pass
V-01-1,01,2025-12-26,97.8,Open,1.7,Pass
V-01-2,01,2025-12-26,95.5,Open,4.7,Pass
V-01-3,01,2025-12-26,99.4,Open,1.4,Pass
V-02-1,02,2025-12-26,99.2,Open,4.0,Pass
V-02-2,02,2025-12-26,97.1,Open,1.5,Pass
V-02-3,02,2025-12-26,98.5,Open,2.1,Pass
V-03-1,03,2025-12-26,97.8,Open,2.7,Pass
V-03-2,03,2025-12-26,98.0,Open,2.4,Pass
V-03-3,03,2025-12-26,98.9,Open,3.0,Pass
V-04-1,04,2025-12-26,99.8,Open,3.1,Pass
V-04-2,04,2025-12-26,96.7,Open,4.5,Pass
V-04-3,04,2025-12-26,99.9,Open,2.7,Pass
V-05-1,05,2025-12-26,99.0,Open,3.4,Pass
V-05-2,05,2025-12-26,95.0,Open,3.4,Pass
V-05-3,05,2025-12-26,95.0,Open,1.2,Pass
V-06-1,06,2025-12-26,96.8,Open,4.6,Pass
V-06-2,06,2025-12-26,97.2,Open,1.5,Pass
V-06-3,06,2025-12-26,95.1,Open,1.2,Pass
V-07-1,07,2025-12-26,95.6,Open,2.4,Pass
V-07-2,07,2025-12-26,97.5,Open,1.0,Pass
V-07-3,07,2025-12-26,98.3,Open,4.7,Pass
V-01-1,01,2025-12-27,98.0,Open,0.8,Pass
V-01-2,01,2025-12-27,97.8,Open,0.6,Pass
V-01-3,01,2025-12-27,96.5,Open,2.2,Pass
V-02-1,02,2025-12-27,97.9,Open,3.3,Pass
V-02-2,02,2025-12-27,98.8,Open,3.6,Pass
V-02-3,02,2025-12-27,9.3,Closed,3.1,Pass
V-03-1,03,2025-12-27,22.6,Closed,3.4,Pass
V-03-2,03,2025-12-27,97.7,Open,0.6,Pass
V-03-3,03,2025-12-27,99.1,Open,4.9,Pass
V-04-1,04,2025-12-27,98.5,Open,1.3,Pass
V-04-2,04,2025-12-27,98.5,Open,1.9,Pass
V-04-3,04,2025-12-27,96.7,Open,4.9,Fail
V-05-1,05,2025-12-27,95.0,Open,1.8,Pass
V-05-2,05,2025-12-27,99.5,Open,4.4,Pass
V-05-3,05,2025-12-27,96.3,Open,2.3,Pass
V-06-1,06,2025-12-27,99.7,Open,3.2,Pass
V-06-2,06,2025-12-27,99.9,Open,1.8,Fail
V-06-3,06,2025-12-27,99.9,Open,4.7,Pass
V-07-1,07,2025-12-27,98.7,Open,2.7,Pass
V-07-2,07,2025-12-27,96.0,Open,3.3,Pass
V-07-3,07,2025-12-27,99.1,Open,4.3,Pass
V-01-1,01,2025-12-28,98.2,Open,3.4,Pass
V-01-2,01,2025-12-28,99.8,Open,1.7,Pass
V-01-3,01,2025-12-28,95.7,Open,2.2,Fail
V-02-1,02,2025-12-28,96.9,Open,4.2,Pass
V-02-2,02,2025-12-28,97.5,Open,0.7,Pass
V-02-3,02,2025-12-28,99.4,Open,3.9,Pass
V-03-1,03,2025-12-28,96.1,Open,0.9,Pass
V-03-2,03,2025-12-28,99.4,Open,0.5,Pass
V-03-3,03,2025-12-28,96.8,Open,2.7,Pass
V-04-1,04,2025-12-28,97.8,Open,4.1,Pass
V-04-2,04,2025-12-28,97.1,Open,2.2,Pass
V-04-3,04,2025-12-28,97.1,Open,0.6,Pass
V-05-1,05,2025-12-28,25.0,Closed,0.5,Pass
V-05-2,05,2025-12-28,98.7,Open,2.1,Pass
V-05-3,05,2025-12-28,98.0,Open,1.0,Fail
V-06-1,06,2025-12-28,98.5,Open,3.7,Pass
V-06-2,06,2025-12-28,95.7,Open,4.1,Pass
V-06-3,06,2025-12-28,99.3,Open,3.8,Pass
V-07-1,07,2025-12-28,99.0,Open,3.8,Pass
V-07-2,07,2025-12-28,96.3,Open,1.8,Pass
V-07-3,07,2025-12-28,97.0,Open,1.8,Pass
V-01-1,01,2025-12-29,95.1,Open,4.7,Pass
V-01-2,01,2025-12-29,95.8,Open,0.7,Pass
V-01-3,01,2025-12-29,97.4,Open,0.6,Pass
V-02-1,02,2025-12-29,98.0,Open,2.2,Pass
V-02-2,02,2025-12-29,99.1,Open,2.5,Pass
V-02-3,02,2025-12-29,99.3,Open,3.3,Pass
V-03-1,03,2025-12-29,96.3,Open,0.8,Pass
V-03-2,03,2025-12-29,96.0,Open,4.0,Pass
V-03-3,03,2025-12-29,96.3,Open,4.2,Pass
V-04-1,04,2025-12-29,98.3,Open,1.8,Pass
V-04-2,04,2025-12-29,95.3,Open,3.5,Pass
V-04-3,04,2025-12-29,99.1,Open,1.7,Pass
V-05-1,05,2025-12-29,96.2,Open,0.6,Fail
V-05-2,05,2025-12-29,98.0,Open,4.2,Pass
V-05-3,05,2025-12-29,96.7,Open,3.7,Pass
V-06-1,06,2025-12-29,97.5,Open,4.4,Pass
V-06-2,06,2025-12-29,97.7,Open,4.8,Pass
V-06-3,06,2025-12-29,99.4,Open,1.9,Pass
V-07-1,07,2025-12-29,96.5,Open,4.5,Pass
V-07-2,07,2025-12-29,95.3,Open,1.4,Pass
V-07-3,07,2025-12-29,95.6,Open,4.1,Pass
V-01-1,01,2025-12-30,98.4,Open,2.3,Pass
V-01-2,01,2025-12-30,98.6,Open,3.0,Pass
V-01-3,01,2025-12-30,96.1,Open,3.6,Pass
V-02-1,02,2025-12-30,2.5,Closed,1.7,Pass
V-02-2,02,2025-12-30,99.6,Open,0.8,Pass
V-02-3,02,2025-12-30,97.5,Open,2.8,Pass
V-03-1,03,2025-12-30,97.6,Open,4.7,Pass
V-03-2,03,2025-12-30,95.8,Open,1.9,Pass
V-03-3,03,2025-12-30,99.9,Open,1.1,Pass
V-04-1,04,2025-12-30,99.5,Open,0.5,Pass
V-04-2,04,2025-12-30,98.8,Open,2.3,Pass
V-04-3,04,2025-12-30,96.7,Open,2.8,Pass
V-05-1,05,2025-12-30,95.6,Open,4.5,Pass
V-05-2,05,2025-12-30,97.2,Open,4.0,Pass
V-05-3,05,2025-12-30,96.9,Open,4.8,Pass
V-06-1,06,2025-12-30,13.8,Closed,2.1,Pass
V-06-2,06,2025-12-30,99.2,Open,4.5,Fail
V-06-3,06,2025-12-30,97.2,Open,2.7,Pass
V-07-1,07,2025-12-30,99.2,Open,4.3,Pass
V-07-2,07,2025-12-30,95.7,Open,3.1,Pass
V-07-3,07,2025-12-30,98.3,Open,4.1,Pass
V-01-1,01,2025-12-31,96.8,Open,3.2,Pass
V-01-2,01,2025-12-31,98.7,Open,2.3,Pass
V-01-3,01,2025-12-31,95.4,Open,4.8,Pass
V-02-1,02,2025-12-31,98.5,Open,1.8,Pass
V-02-2,02,2025-12-31,95.7,Open,1.0,Pass
V-02-3,02,2025-12-31,95.7,Open,2.2,Pass
V-03-1,03,2025-12-31,96.4,Open,0.6,Pass
V-03-2,03,2025-12-31,98.0,Open,5.0,Pass
V-03-3,03,2025-12-31,98.2,Open,0.7,Pass
V-04-1,04,2025-12-31,96.3,Open,4.6,Fail
V-04-2,04,2025-12-31,16.4,Closed,3.5,Pass
V-04-3,04,2025-12-31,97.3,Open,3.3,Pass
V-05-1,05,2025-12-31,95.9,Open,1.2,Pass
V-05-2,05,2025-12-31,99.1,Open,2.9,Pass
V-05-3,05,2025-12-31,97.4,Open,2.7,Fail
V-06-1,06,2025-12-31,98.9,Open,4.1,Pass
V-06-2,06,2025-12-31,98.0,Open,2.7,Pass
V-06-3,06,2025-12-31,98.0,Open,1.6,Pass
V-07-1,07,2025-12-31,98.6,Open,1.0,Pass
V-07-2,07,2025-12-31,95.7,Open,2.7,Pass
V-07-3,07,2025-12-31,97.7,Open,3.5,Pass
V-01-1,01,2026-01-01,97.3,Open,3.0,Pass
V-01-2,01,2026-01-01,96.5,Open,1.0,Pass
V-01-3,01,2026-01-01,99.9,Open,2.1,Pass
V-02-1,02,2026-01-01,95.6,Open,2.4,Pass
V-02-2,02,2026-01-01,98.5,Open,1.8,Pass
V-02-3,02,2026-01-01,98.4,Open,4.6,Pass
V-03-1,03,2026-01-01,96.8,Open,3.6,Pass
V-03-2,03,2026-01-01,96.1,Open,2.4,Pass
V-03-3,03,2026-01-01,96.4,Open,2.4,Pass
V-04-1,04,2026-01-01,96.1,Open,1.9,Pass
V-04-2,04,2026-01-01,99.9,Open,2.4,Pass
V-04-3,04,2026-01-01,95.1,Open,3.6,Pass
V-05-1,05,2026-01-01,8.1,Closed,2.4,Pass
V-05-2,05,2026-01-01,20.9,Closed,2.2,Pass
V-05-3,05,2026-01-01,96.2,Open,4.0,Pass
V-06-1,06,2026-01-01,96.2,Open,2.6,Pass
V-06-2,06,2026-01-01,95.0,Open,2.9,Pass
V-06-3,06,2026-01-01,99.9,Open,1.3,Pass
V-07-1,07,2026-01-01,97.2,Open,2.9,Pass
V-07-2,07,2026-01-01,96.8,Open,0.7,Pass
V-07-3,07,2026-01-01,98.4,Open,1.5,Pass
V-01-1,01,2026-01-02,99.6,Open,1.2,Pass
V-01-2,01,2026-01-02,95.2,Open,3.7,Pass
V-01-3,01,2026-01-02,95.6,Open,3.2,Pass
V-02-1,02,2026-01-02,96.9,Open,0.6,Pass
V-02-2,02,2026-01-02,97.8,Open,1.2,Pass
V-02-3,02,2026-01-02,97.4,Open,1.5,Pass
V-03-1,03,2026-01-02,97.4,Open,4.9,Pass
V-03-2,03,2026-01-02,95.6,Open,2.1,Pass
V-03-3,03,2026-01-02,98.1,Open,2.9,Pass
V-04-1,04,2026-01-02,100.0,Open,3.8,Pass
V-04-2,04,2026-01-02,95.9,Open,4.4,Pass
V-04-3,04,2026-01-02,97.4,Open,3.8,Pass
V-05-1,05,2026-01-02,96.1,Open,2.3,Pass
V-05-2,05,2026-01-02,100.0,Open,1.8,Pass
V-05-3,05,2026-01-02,99.7,Open,2.2,Pass
V-06-1,06,2026-01-02,95.5,Open,3.6,Pass
V-06-2,06,2026-01-02,97.8,Open,0.9,Pass
V-06-3,06,2026-01-02,3.0,Closed,3.5,Pass
V-07-1,07,2026-01-02,97.1,Open,2.3,Pass
V-07-2,07,2026-01-02,99.2,Open,4.8,Pass
V-07-3,07,2026-01-02,96.4,Open,0.6,Pass
V-01-1,01,2026-01-03,96.1,Open,0.9,Pass
V-01-2,01,2026-01-03,27.6,Closed,1.1,Pass
V-01-3,01,2026-01-03,99.0,Open,0.9,Pass
V-02-1,02,2026-01-03,96.0,Open,4.3,Pass
V-02-2,02,2026-01-03,96.6,Open,1.2,Pass
V-02-3,02,2026-01-03,98.2,Open,2.5,Pass
V-03-1,03,2026-01-03,97.8,Open,4.1,Pass
V-03-2,03,2026-01-03,99.4,Open,2.8,Pass
V-03-3,03,2026-01-03,99.6,Open,3.2,Pass
V-04-1,04,2026-01-03,95.5,Open,4.2,Pass
V-04-2,04,2026-01-03,98.7,Open,0.7,Pass
V-04-3,04,2026-01-03,97.8,Open,1.5,Pass
V-05-1,05,2026-01-03,95.3,Open,1.1,Pass
V-05-2,05,2026-01-03,96.6,Open,1.1,Pass
V-05-3,05,2026-01-03,98.0,Open,0.8,Pass
V-06-1,06,2026-01-03,96.0,Open,4.7,Pass
V-06-2,06,2026-01-03,95.7,Open,0.8,Pass
V-06-3,06,2026-01-03,96.1,Open,3.0,Pass
V-07-1,07,2026-01-03,96.3,Open,3.3,Pass
V-07-2,07,2026-01-03,95.9,Open,3.8,Pass
V-07-3,07,2026-01-03,96.5,Open,3.3,Pass
V-01-1,01,2026-01-04,97.3,Open,4.4,Pass
V-01-2,01,2026-01-04,95.2,Open,4.4,Pass
V-01-3,01,2026-01-04,98.4,Open,3.3,Pass
V-02-1,02,2026-01-04,95.4,Open,3.3,Pass
V-02-2,02,2026-01-04,13.6,Closed,4.7,Pass
V-02-3,02,2026-01-04,99.7,Open,3.3,Pass
V-03-1,03,2026-01-04,96.0,Open,2.7,Pass
V-03-2,03,2026-01-04,96.6,Open,1.7,Pass
V-03-3,03,2026-01-04,98.0,Open,3.4,Pass
V-04-1,04,2026-01-04,99.1,Open,4.6,Pass
V-04-2,04,2026-01-04,97.8,Open,3.0,Pass
V-04-3,04,2026-01-04,95.9,Open,3.8,Pass
V-05-1,05,2026-01-04,96.2,Open,3.3,Pass
V-05-2,05,2026-01-04,95.9,Open,4.5,Fail
V-05-3,05,2026-01-04,99.9,Open,3.5,Pass
V-06-1,06,2026-01-04,99.1,Open,1.3,Pass
V-06-2,06,2026-01-04,97.4,Open,1.3,Pass
V-06-3,06,2026-01-04,98.2,Open,1.2,Pass
V-07-1,07,2026-01-04,95.2,Open,4.9,Pass
V-07-2,07,2026-01-04,99.5,Open,4.8,Pass
V-07-3,07,2026-01-04,99.7,Open,2.1,Pass
V-01-1,01,2026-01-05,96.1,Open,5.0,Pass
V-01-2,01,2026-01-05,98.5,Open,1.4,Pass
V-01-3,01,2026-01-05,95.7,Open,2.7,Pass
V-02-1,02,2026-01-05,98.4,Open,2.1,Pass
V-02-2,02,2026-01-05,97.2,Open,1.9,Pass
V-02-3,02,2026-01-05,98.5,Open,0.5,Pass
V-03-1,03,2026-01-05,98.4,Open,4.3,Pass
V-03-2,03,2026-01-05,98.8,Open,4.3,Pass
V-03-3,03,2026-01-05,28.1,Closed,3.1,Pass
V-04-1,04,2026-01-05,98.2,Open,1.4,Pass
V-04-2,04,2026-01-05,96.3,Open,4.6,Pass
V-04-3,04,2026-01-05,98.9,Open,4.3,Pass
V-05-1,05,2026-01-05,97.3,Open,1.1,Pass
V-05-2,05,2026-01-05,98.3,Open,2.8,Pass
V-05-3,05,2026-01-05,98.4,Open,1.8,Pass
V-06-1,06,2026-01-05,96.2,Open,2.1,Pass
V-06-2,06,2026-01-05,96.7,Open,3.3,Pass
V-06-3,06,2026-01-05,95.9,Open,4.6,Pass
V-07-1,07,2026-01-05,97.7,Open,3.5,Fail
V-07-2,07,2026-01-05,98.8,Open,3.6,Pass
V-07-3,07,2026-01-05,99.3,Open,3.2,Pass
V-01-1,01,2026-01-06,99.0,Open,3.8,Pass
V-01-2,01,2026-01-06,97.7,Open,4.6,Pass
V-01-3,01,2026-01-06,96.2,Open,0.7,Pass
V-02-1,02,2026-01-06,97.6,Open,0.8,Pass
V-02-2,02,2026-01-06,95.4,Open,1.5,Pass
V-02-3,02,2026-01-06,99.2,Open,4.7,Fail
V-03-1,03,2026-01-06,95.4,Open,3.0,Pass
V-03-2,03,2026-01-06,95.1,Open,2.0,Pass
V-03-3,03,2026-01-06,98.0,Open,3.0,Pass
V-04-1,04,2026-01-06,98.7,Open,4.9,Pass
V-04-2,04,2026-01-06,96.8,Open,1.1,Pass
V-04-3,04,2026-01-06,98.4,Open,2.6,Pass
V-05-1,05,2026-01-06,96.7,Open,2.6,Pass
V-05-2,05,2026-01-06,96.3,Open,0.6,Pass
V-05-3,05,2026-01-06,96.2,Open,3.6,Fail
V-06-1,06,2026-01-06,99.2,Open,0.6,Pass
V-06-2,06,2026-01-06,96.3,Open,3.6,Pass
V-06-3,06,2026-01-06,98.7,Open,2.4,Pass
V-07-1,07,2026-01-06,97.5,Open,4.4,Pass
V-07-2,07,2026-01-06,95.2,Open,1.4,Pass
V-07-3,07,2026-01-06,97.0,Open,0.7,Pass
V-01-1,01,2026-01-07,97.7,Open,1.4,Pass
V-01-2,01,2026-01-07,99.8,Open,1.1,Pass
V-01-3,01,2026-01-07,95.8,Open,4.0,Pass
V-02-1,02,2026-01-07,95.2,Open,4.8,Pass
V-02-2,02,2026-01-07,99.8,Open,2.3,Pass
V-02-3,02,2026-01-07,99.2,Open,4.1,Pass
V-03-1,03,2026-01-07,97.3,Open,4.3,Pass
V-03-2,03,2026-01-07,100.0,Open,4.4,Pass
V-03-3,03,2026-01-07,96.3,Open,2.3,Pass
V-04-1,04,2026-01-07,3.5,Closed,4.9,Pass
V-04-2,04,2026-01-07,98.0,Open,3.6,Pass
V-04-3,04,2026-01-07,95.1,Open,2.6,Pass
V-05-1,05,2026-01-07,95.4,Open,4.1,Pass
V-05-2,05,2026-01-07,98.3,Open,3.8,Pass
V-05-3,05,2026-01-07,99.0,Open,1.9,Fail
V-06-1,06,2026-01-07,98.8,Open,3.4,Pass
V-06-2,06,2026-01-07,98.3,Open,2.4,Pass
V-06-3,06,2026-01-07,98.9,Open,0.8,Pass
V-07-1,07,2026-01-07,97.5,Open,2.6,Pass
V-07-2,07,2026-01-07,98.7,Open,3.6,Pass
V-07-3,07,2026-01-07,0.2,Closed,2.7,Pass
V-01-1,01,2026-01-08,97.8,Open,3.3,Pass
V-01-2,01,2026-01-08,96.3,Open,4.7,Pass
V-01-3,01,2026-01-08,95.7,Open,4.9,Pass
V-02-1,02,2026-01-08,97.0,Open,1.4,Pass
V-02-2,02,2026-01-08,98.8,Open,3.9,Pass
V-02-3,02,2026-01-08,96.0,Open,1.8,Pass
V-03-1,03,2026-01-08,99.9,Open,4.2,Pass
V-03-2,03,2026-01-08,99.3,Open,1.5,Pass
V-03-3,03,2026-01-08,98.6,Open,3.9,Pass
V-04-1,04,2026-01-08,97.0,Open,0.8,Pass
V-04-2,04,2026-01-08,97.6,Open,3.3,Pass
V-04-3,04,2026-01-08,99.0,Open,2.4,Pass
V-05-1,05,2026-01-08,99.7,Open,3.9,Fail
V-05-2,05,2026-01-08,96.0,Open,3.5,Pass
V-05-3,05,2026-01-08,97.1,Open,2.7,Pass
V-06-1,06,2026-01-08,95.9,Open,2.6,Pass
V-06-2,06,2026-01-08,99.1,Open,1.3,Pass
V-06-3,06,2026-01-08,97.6,Open,4.5,Pass
V-07-1,07,2026-01-08,97.9,Open,2.0,Pass
V-07-2,07,2026-01-08,97.4,Open,4.7,Pass
V-07-3,07,2026-01-08,98.0,Open,4.5,Pass
V-01-1,01,2026-01-09,99.6,Open,1.7,Pass
V-01-2,01,2026-01-09,95.1,Open,0.7,Pass
V-01-3,01,2026-01-09,97.6,Open,5.0,Pass
V-02-1,02,2026-01-09,96.9,Open,3.2,Pass
V-02-2,02,2026-01-09,99.3,Open,3.7,Pass
V-02-3,02,2026-01-09,95.3,Open,3.0,Pass
V-03-1,03,2026-01-09,96.2,Open,3.9,Pass
V-03-2,03,2026-01-09,97.8,Open,1.9,Fail
V-03-3,03,2026-01-09,99.0,Open,1.6,Pass
V-04-1,04,2026-01-09,95.7,Open,2.5,Pass
V-04-2,04,2026-01-09,96.8,Open,4.1,Pass
V-04-3,04,2026-01-09,98.9,Open,0.7,Pass
V-05-1,05,2026-01-09,95.8,Open,2.5,Pass
V-05-2,05,2026-01-09,96.6,Open,4.7,Pass
V-05-3,05,2026-01-09,96.4,Open,4.7,Pass
V-06-1,06,2026-01-09,97.7,Open,2.3,Pass
V-06-2,06,2026-01-09,95.9,Open,2.1,Pass
V-06-3,06,2026-01-09,98.6,Open,3.2,Pass
V-07-1,07,2026-01-09,99.5,Open,4.7,Pass
V-07-2,07,2026-01-09,97.4,Open,3.9,Pass
V-07-3,07,2026-01-09,98.2,Open,2.8,Pass
V-01-1,01,2026-01-10,97.8,Open,2.2,Pass
V-01-2,01,2026-01-10,96.0,Open,3.6,Pass
V-01-3,01,2026-01-10,95.3,Open,2.3,Pass
V-02-1,02,2026-01-10,16.4,Closed,4.6,Pass
V-02-2,02,2026-01-10,20.3,Closed,3.7,Pass
V-02-3,02,2026-01-10,99.0,Open,3.5,Pass
V-03-1,03,2026-01-10,99.2,Open,2.2,Pass
V-03-2,03,2026-01-10,98.2,Open,1.6,Pass
V-03-3,03,2026-01-10,96.1,Open,1.4,Pass
V-04-1,04,2026-01-10,96.9,Open,4.2,Pass
V-04-2,04,2026-01-10,98.3,Open,4.9,Pass
V-04-3,04,2026-01-10,99.8,Open,1.7,Pass
V-05-1,05,2026-01-10,98.1,Open,0.8,Pass
V-05-2,05,2026-01-10,96.3,Open,3.6,Pass
V-05-3,05,2026-01-10,98.4,Open,1.6,Pass
V-06-1,06,2026-01-10,99.7,Open,5.0,Pass
V-06-2,06,2026-01-10,96.3,Open,2.1,Pass
V-06-3,06,2026-01-10,95.3,Open,2.9,Fail
V-07-1,07,2026-01-10,99.4,Open,3.0,Pass
V-07-2,07,2026-01-10,99.3,Open,1.7,Pass
V-07-3,07,2026-01-10,98.5,Open,4.6,Pass
V-01-1,01,2026-01-11,99.0,Open,4.7,Pass
V-01-2,01,2026-01-11,95.0,Open,3.8,Pass
V-01-3,01,2026-01-11,97.8,Open,0.8,Pass
V-02-1,02,2026-01-11,4.8,Closed,1.5,Pass
V-02-2,02,2026-01-11,95.1,Open,2.9,Pass
V-02-3,02,2026-01-11,99.9,Open,1.4,Pass
V-03-1,03,2026-01-11,99.4,Open,2.7,Pass
V-03-2,03,2026-01-11,96.2,Open,2.0,Pass
V-03-3,03,2026-01-11,96.2,Open,4.8,Pass
V-04-1,04,2026-01-11,99.9,Open,1.9,Pass
V-04-2,04,2026-01-11,98.4,Open,3.9,Pass
V-04-3,04,2026-01-11,96.3,Open,4.3,Pass
V-05-1,05,2026-01-11,98.0,Open,2.3,Fail
V-05-2,05,2026-01-11,95.2,Open,0.7,Pass
V-05-3,05,2026-01-11,96.1,Open,0.6,Pass
V-06-1,06,2026-01-11,98.0,Open,1.6,Pass
V-06-2,06,2026-01-11,97.0,Open,4.6,Pass
V-06-3,06,2026-01-11,96.3,Open,1.3,Pass
V-07-1,07,2026-01-11,96.2,Open,2.6,Pass
V-07-2,07,2026-01-11,97.4,Open,4.2,Pass
V-07-3,07,2026-01-11,99.7,Open,0.8,Pass
V-01-1,01,2026-01-12,97.7,Open,1.5,Pass
V-01-2,01,2026-01-12,96.6,Open,3.8,Fail
V-01-3,01,2026-01-12,96.7,Open,3.6,Pass
V-02-1,02,2026-01-12,97.4,Open,1.4,Pass
V-02-2,02,2026-01-12,97.6,Open,2.5,Pass
V-02-3,02,2026-01-12,98.8,Open,4.0,Pass
V-03-1,03,2026-01-12,96.8,Open,1.6,Pass
V-03-2,03,2026-01-12,99.8,Open,2.8,Pass
V-03-3,03,2026-01-12,96.5,Open,1.6,Pass
V-04-1,04,2026-01-12,96.1,Open,1.3,Pass
V-04-2,04,2026-01-12,98.6,Open,0.9,Pass
V-04-3,04,2026-01-12,98.4,Open,1.9,Pass
V-05-1,05,2026-01-12,97.5,Open,1.2,Pass
V-05-2,05,2026-01-12,95.5,Open,1.0,Pass
V-05-3,05,2026-01-12,20.4,Closed,1.0,Pass
V-06-1,06,2026-01-12,99.6,Open,1.1,Pass
V-06-2,06,2026-01-12,96.3,Open,3.8,Pass
V-06-3,06,2026-01-12,95.5,Open,2.9,Pass
V-07-1,07,2026-01-12,98.6,Open,1.6,Pass
V-07-2,07,2026-01-12,95.9,Open,3.0,Pass
V-07-3,07,2026-01-12,95.8,Open,2.6,Pass
V-01-1,01,2026-01-13,95.4,Open,3.2,Pass
V-01-2,01,2026-01-13,95.0,Open,0.7,Pass
V-01-3,01,2026-01-13,99.2,Open,3.2,Pass
V-02-1,02,2026-01-13,97.5,Open,4.5,Pass
V-02-2,02,2026-01-13,95.3,Open,3.2,Pass
V-02-3,02,2026-01-13,98.7,Open,4.7,Pass
V-03-1,03,2026-01-13,97.7,Open,3.0,Pass
V-03-2,03,2026-01-13,99.6,Open,1.9,Pass
V-03-3,03,2026-01-13,97.4,Open,0.6,Pass
V-04-1,04,2026-01-13,98.2,Open,4.7,Pass
V-04-2,04,2026-01-13,99.2,Open,3.4,Pass
V-04-3,04,2026-01-13,96.9,Open,5.0,Pass
V-05-1,05,2026-01-13,97.3,Open,1.8,Pass
V-05-2,05,2026-01-13,95.9,Open,1.1,Pass
V-05-3,05,2026-01-13,96.1,Open,3.6,Pass
V-06-1,06,2026-01-13,97.6,Open,2.8,Pass
V-06-2,06,2026-01-13,96.4,Open,1.3,Pass
V-06-3,06,2026-01-13,99.7,Open,4.6,Pass
V-07-1,07,2026-01-13,97.7,Open,0.8,Pass
V-07-2,07,2026-01-13,98.0,Open,4.2,Pass
V-07-3,07,2026-01-13,98.3,Open,1.1,Pass
V-01-1,01,2026-01-14,95.5,Open,4.8,Pass
V-01-2,01,2026-01-14,14.2,Closed,2.7,Pass
V-01-3,01,2026-01-14,96.3,Open,4.2,Pass
V-02-1,02,2026-01-14,99.2,Open,1.0,Pass
V-02-2,02,2026-01-14,95.7,Open,4.6,Pass
V-02-3,02,2026-01-14,96.6,Open,2.2,Pass
V-03-1,03,2026-01-14,97.4,Open,3.3,Pass
V-03-2,03,2026-01-14,95.4,Open,2.3,Pass
V-03-3,03,2026-01-14,17.3,Closed,4.5,Pass
V-04-1,04,2026-01-14,100.0,Open,4.6,Pass
V-04-2,04,2026-01-14,99.2,Open,1.9,Pass
V-04-3,04,2026-01-14,98.4,Open,2.7,Pass
V-05-1,05,2026-01-14,98.3,Open,3.5,Pass
V-05-2,05,2026-01-14,97.2,Open,3.6,Pass
V-05-3,05,2026-01-14,98.9,Open,0.6,Pass
V-06-1,06,2026-01-14,96.3,Open,2.3,Pass
V-06-2,06,2026-01-14,98.0,Open,2.3,Pass
V-06-3,06,2026-01-14,97.9,Open,2.0,Pass
V-07-1,07,2026-01-14,99.2,Open,4.0,Pass
V-07-2,07,2026-01-14,98.6,Open,4.3,Pass
V-07-3,07,2026-01-14,3.8,Closed,0.7,Pass
V-01-1,01,2026-01-15,98.9,Open,1.5,Pass
V-01-2,01,2026-01-15,96.2,Open,4.1,Pass
V-01-3,01,2026-01-15,98.4,Open,1.6,Pass
V-02-1,02,2026-01-15,95.3,Open,1.2,Pass
V-02-2,02,2026-01-15,96.8,Open,2.8,Pass
V-02-3,02,2026-01-15,96.4,Open,0.8,Pass
V-03-1,03,2026-01-15,98.7,Open,2.5,Pass
V-03-2,03,2026-01-15,99.7,Open,1.1,Pass
V-03-3,03,2026-01-15,98.2,Open,4.6,Pass
V-04-1,04,2026-01-15,99.4,Open,4.0,Pass
V-04-2,04,2026-01-15,97.0,Open,4.9,Pass
V-04-3,04,2026-01-15,97.8,Open,3.6,Pass
V-05-1,05,2026-01-15,99.2,Open,0.7,Pass
V-05-2,05,2026-01-15,95.6,Open,2.6,Pass
V-05-3,05,2026-01-15,97.1,Open,3.5,Pass
V-06-1,06,2026-01-15,95.1,Open,1.0,Pass
V-06-2,06,2026-01-15,98.6,Open,3.5,Pass
V-06-3,06,2026-01-15,98.0,Open,0.7,Pass
V-07-1,07,2026-01-15,95.2,Open,2.7,Pass
V-07-2,07,2026-01-15,97.5,Open,4.7,Pass
V-07-3,07,2026-01-15,98.9,Open,1.3,Pass
V-01-1,01,2026-01-16,97.4,Open,3.0,Pass
V-01-2,01,2026-01-16,95.5,Open,0.7,Pass
V-01-3,01,2026-01-16,98.4,Open,3.6,Pass
V-02-1,02,2026-01-16,95.5,Open,3.5,Pass
V-02-2,02,2026-01-16,99.4,Open,3.5,Pass
V-02-3,02,2026-01-16,98.6,Open,0.9,Pass
V-03-1,03,2026-01-16,95.4,Open,1.7,Pass
V-03-2,03,2026-01-16,98.9,Open,2.3,Pass
V-03-3,03,2026-01-16,99.4,Open,2.7,Pass
V-04-1,04,2026-01-16,14.1,Closed,2.8,Pass
V-04-2,04,2026-01-16,97.3,Open,2.5,Pass
V-04-3,04,2026-01-16,10.9,Closed,1.8,Pass
V-05-1,05,2026-01-16,97.8,Open,0.7,Pass
V-05-2,05,2026-01-16,95.3,Open,2.2,Pass
V-05-3,05,2026-01-16,95.4,Open,2.3,Pass
V-06-1,06,2026-01-16,98.8,Open,1.3,Pass
V-06-2,06,2026-01-16,98.0,Open,2.2,Pass
V-06-3,06,2026-01-16,97.6,Open,3.4,Pass
V-07-1,07,2026-01-16,96.1,Open,2.2,Pass
V-07-2,07,2026-01-16,98.1,Open,4.7,Pass
V-07-3,07,2026-01-16,97.7,Open,4.6,Pass
V-01-1,01,2026-01-17,98.7,Open,4.3,Pass
V-01-2,01,2026-01-17,97.2,Open,2.2,Pass
V-01-3,01,2026-01-17,98.1,Open,3.8,Pass
V-02-1,02,2026-01-17,99.5,Open,1.7,Pass
V-02-2,02,2026-01-17,99.6,Open,3.5,Pass
V-02-3,02,2026-01-17,95.0,Open,2.9,Pass
V-03-1,03,2026-01-17,8.1,Closed,3.3,Pass
V-03-2,03,2026-01-17,96.5,Open,1.9,Pass
V-03-3,03,2026-01-17,95.4,Open,1.5,Pass
V-04-1,04,2026-01-17,96.9,Open,2.5,Pass
V-04-2,04,2026-01-17,95.8,Open,3.8,Pass
V-04-3,04,2026-01-17,97.5,Open,4.0,Pass
V-05-1,05,2026-01-17,99.0,Open,1.0,Pass
V-05-2,05,2026-01-17,98.8,Open,3.7,Pass
V-05-3,05,2026-01-17,95.3,Open,4.6,Pass
V-06-1,06,2026-01-17,96.6,Open,1.9,Pass
V-06-2,06,2026-01-17,97.5,Open,4.2,Pass
V-06-3,06,2026-01-17,97.3,Open,2.5,Pass
V-07-1,07,2026-01-17,96.4,Open,3.1,Pass
V-07-2,07,2026-01-17,97.6,Open,3.9,Pass
V-07-3,07,2026-01-17,95.6,Open,4.6,Pass
V-01-1,01,2026-01-18,95.5,Open,4.3,Pass
V-01-2,01,2026-01-18,96.1,Open,0.6,Pass
V-01-3,01,2026-01-18,96.9,Open,4.1,Pass
V-02-1,02,2026-01-18,97.0,Open,3.1,Pass
V-02-2,02,2026-01-18,95.8,Open,1.7,Pass
V-02-3,02,2026-01-18,96.4,Open,2.6,Pass
V-03-1,03,2026-01-18,98.0,Open,4.6,Pass
V-03-2,03,2026-01-18,96.4,Open,4.7,Pass
V-03-3,03,2026-01-18,98.7,Open,4.8,Pass
V-04-1,04,2026-01-18,97.9,Open,3.3,Pass
V-04-2,04,2026-01-18,99.1,Open,1.1,Pass
V-04-3,04,2026-01-18,99.0,Open,2.4,Pass
V-05-1,05,2026-01-18,99.5,Open,3.5,Pass
V-05-2,05,2026-01-18,96.2,Open,4.9,Pass
V-05-3,05,2026-01-18,96.8,Open,2.4,Pass
V-06-1,06,2026-01-18,100.0,Open,3.2,Pass
V-06-2,06,2026-01-18,98.8,Open,4.9,Pass
V-06-3,06,2026-01-18,97.6,Open,2.7,Pass
V-07-1,07,2026-01-18,20.1,Closed,3.9,Pass
V-07-2,07,2026-01-18,98.8,Open,1.9,Pass
V-07-3,07,2026-01-18,99.7,Open,3.5,Pass
V-01-1,01,2026-01-19,96.1,Open,0.6,Pass
V-01-2,01,2026-01-19,99.9,Open,2.0,Pass
V-01-3,01,2026-01-19,97.4,Open,4.4,Pass
V-02-1,02,2026-01-19,96.2,Open,3.4,Pass
V-02-2,02,2026-01-19,99.3,Open,1.4,Pass
V-02-3,02,2026-01-19,98.3,Open,3.4,Pass
V-03-1,03,2026-01-19,98.4,Open,0.6,Pass
V-03-2,03,2026-01-19,96.5,Open,3.3,Fail
V-03-3,03,2026-01-19,98.6,Open,1.7,Pass
V-04-1,04,2026-01-19,99.3,Open,1.2,Pass
V-04-2,04,2026-01-19,98.8,Open,1.8,Pass
V-04-3,04,2026-01-19,96.3,Open,4.4,Pass
V-05-1,05,2026-01-19,97.2,Open,0.7,Pass
V-05-2,05,2026-01-19,96.2,Open,1.3,Fail
V-05-3,05,2026-01-19,98.3,Open,3.3,Pass
V-06-1,06,2026-01-19,99.9,Open,4.5,Pass
V-06-2,06,2026-01-19,98.2,Open,2.9,Pass
V-06-3,06,2026-01-19,96.6,Open,0.8,Pass
V-07-1,07,2026-01-19,16.2,Closed,3.1,Pass
V-07-2,07,2026-01-19,95.1,Open,3.7,Pass
V-07-3,07,2026-01-19,95.4,Open,1.9,Pass
V-01-1,01,2026-01-20,97.9,Open,4.6,Pass
V-01-2,01,2026-01-20,95.8,Open,2.5,Pass
V-01-3,01,2026-01-20,97.1,Open,2.3,Pass
V-02-1,02,2026-01-20,95.4,Open,0.9,Pass
V-02-2,02,2026-01-20,97.9,Open,1.4,Fail
V-02-3,02,2026-01-20,97.4,Open,1.2,Pass
V-03-1,03,2026-01-20,95.2,Open,3.8,Pass
V-03-2,03,2026-01-20,97.2,Open,1.6,Pass
V-03-3,03,2026-01-20,98.6,Open,0.6,Pass
V-04-1,04,2026-01-20,97.3,Open,3.0,Pass
V-04-2,04,2026-01-20,95.3,Open,0.8,Pass
V-04-3,04,2026-01-20,99.9,Open,3.9,Pass
V-05-1,05,2026-01-20,96.9,Open,4.7,Pass
V-05-2,05,2026-01-20,95.3,Open,1.3,Pass
V-05-3,05,2026-01-20,25.5,Closed,3.1,Pass
V-06-1,06,2026-01-20,95.7,Open,2.0,Pass
V-06-2,06,2026-01-20,99.8,Open,2.1,Pass
V-06-3,06,2026-01-20,97.9,Open,2.1,Pass
V-07-1,07,2026-01-20,96.3,Open,4.5,Pass
V-07-2,07,2026-01-20,98.9,Open,4.6,Pass
V-07-3,07,2026-01-20,95.4,Open,1.3,Pass
V-01-1,01,2026-01-21,96.0,Open,4.1,Pass
V-01-2,01,2026-01-21,95.1,Open,5.0,Pass
V-01-3,01,2026-01-21,97.5,Open,3.2,Pass
V-02-1,02,2026-01-21,97.9,Open,3.6,Pass
V-02-2,02,2026-01-21,99.4,Open,2.2,Pass
V-02-3,02,2026-01-21,98.0,Open,2.4,Pass
V-03-1,03,2026-01-21,97.9,Open,2.3,Pass
V-03-2,03,2026-01-21,99.1,Open,3.4,Pass
V-03-3,03,2026-01-21,98.2,Open,1.2,Pass
V-04-1,04,2026-01-21,97.7,Open,2.4,Pass
V-04-2,04,2026-01-21,96.4,Open,2.0,Pass
V-04-3,04,2026-01-21,96.3,Open,2.5,Pass
V-05-1,05,2026-01-21,96.4,Open,3.2,Pass
V-05-2,05,2026-01-21,95.0,Open,4.3,Pass
V-05-3,05,2026-01-21,99.2,Open,1.5,Pass
V-06-1,06,2026-01-21,96.8,Open,3.8,Pass
V-06-2,06,2026-01-21,98.2,Open,1.8,Pass
V-06-3,06,2026-01-21,99.3,Open,3.5,Pass
V-07-1,07,2026-01-21,97.6,Open,1.9,Pass
V-07-2,07,2026-01-21,98.9,Open,1.4,Pass
V-07-3,07,2026-01-21,95.3,Open,1.8,Pass
V-01-1,01,2026-01-22,95.5,Open,3.7,Fail
V-01-2,01,2026-01-22,99.7,Open,3.0,Pass
V-01-3,01,2026-01-22,99.7,Open,3.4,Pass
V-02-1,02,2026-01-22,22.7,Closed,3.6,Pass
V-02-2,02,2026-01-22,95.9,Open,4.3,Pass
V-02-3,02,2026-01-22,98.2,Open,1.1,Pass
V-03-1,03,2026-01-22,98.9,Open,2.5,Pass
V-03-2,03,2026-01-22,95.8,Open,1.1,Pass
V-03-3,03,2026-01-22,14.0,Closed,4.6,Pass
V-04-1,04,2026-01-22,96.7,Open,1.4,Pass
V-04-2,04,2026-01-22,98.4,Open,4.3,Pass
V-04-3,04,2026-01-22,96.2,Open,3.6,Pass
V-05-1,05,2026-01-22,96.8,Open,1.1,Fail
V-05-2,05,2026-01-22,95.9,Open,3.6,Fail
V-05-3,05,2026-01-22,97.4,Open,4.6,Pass
V-06-1,06,2026-01-22,96.7,Open,0.5,Pass
V-06-2,06,2026-01-22,96.7,Open,2.7,Pass
V-06-3,06,2026-01-22,96.8,Open,3.7,Pass
V-07-1,07,2026-01-22,95.8,Open,2.5,Pass
V-07-2,07,2026-01-22,95.6,Open,2.4,Pass
V-07-3,07,2026-01-22,96.7,Open,3.8,Fail
V-01-1,01,2026-01-23,95.7,Open,1.2,Pass
V-01-2,01,2026-01-23,99.6,Open,1.3,Pass
V-01-3,01,2026-01-23,95.9,Open,2.3,Pass
V-02-1,02,2026-01-23,96.4,Open,3.3,Pass
V-02-2,02,2026-01-23,97.0,Open,4.8,Pass
V-02-3,02,2026-01-23,98.7,Open,1.3,Pass
V-03-1,03,2026-01-23,98.2,Open,1.5,Pass
V-03-2,03,2026-01-23,5.3,Closed,4.4,Pass
V-03-3,03,2026-01-23,98.0,Open,1.5,Pass
V-04-1,04,2026-01-23,96.6,Open,1.5,Pass
V-04-2,04,2026-01-23,98.3,Open,4.6,Pass
V-04-3,04,2026-01-23,97.1,Open,1.9,Pass
V-05-1,05,2026-01-23,96.4,Open,3.1,Pass
V-05-2,05,2026-01-23,95.5,Open,1.1,Pass
V-05-3,05,2026-01-23,97.9,Open,1.3,Pass
V-06-1,06,2026-01-23,95.6,Open,3.2,Pass
V-06-2,06,2026-01-23,99.0,Open,3.9,Pass
V-06-3,06,2026-01-23,96.5,Open,3.2,Pass
V-07-1,07,2026-01-23,99.9,Open,4.6,Pass
V-07-2,07,2026-01-23,98.1,Open,2.0,Pass
V-07-3,07,2026-01-23,97.6,Open,3.5,Pass
V-01-1,01,2026-01-24,98.0,Open,4.8,Pass
V-01-2,01,2026-01-24,95.6,Open,4.4,Pass
V-01-3,01,2026-01-24,99.9,Open,2.8,Pass
V-02-1,02,2026-01-24,96.5,Open,2.3,Fail
V-02-2,02,2026-01-24,96.2,Open,1.7,Pass
V-02-3,02,2026-01-24,99.1,Open,3.4,Pass
V-03-1,03,2026-01-24,98.5,Open,3.6,Pass
V-03-2,03,2026-01-24,98.2,Open,4.2,Pass
V-03-3,03,2026-01-24,95.8,Open,0.8,Pass
V-04-1,04,2026-01-24,95.6,Open,1.3,Pass
V-04-2,04,2026-01-24,96.0,Open,4.2,Pass
V-04-3,04,2026-01-24,95.7,Open,3.4,Pass
V-05-1,05,2026-01-24,97.0,Open,1.4,Pass
V-05-2,05,2026-01-24,99.6,Open,2.2,Pass
V-05-3,05,2026-01-24,95.1,Open,3.8,Pass
V-06-1,06,2026-01-24,98.4,Open,3.2,Pass
V-06-2,06,2026-01-24,98.3,Open,3.2,Pass
V-06-3,06,2026-01-24,99.7,Open,1.0,Pass
V-07-1,07,2026-01-24,98.7,Open,3.5,Pass
V-07-2,07,2026-01-24,97.1,Open,3.4,Pass
V-07-3,07,2026-01-24,95.0,Open,1.2,Pass
V-01-1,01,2026-01-25,97.9,Open,0.8,Pass
V-01-2,01,2026-01-25,96.1,Open,3.0,Pass
V-01-3,01,2026-01-25,99.5,Open,1.9,Pass
V-02-1,02,2026-01-25,98.9,Open,1.9,Pass
V-02-2,02,2026-01-25,97.1,Open,2.3,Pass
V-02-3,02,2026-01-25,98.1,Open,0.8,Pass
V-03-1,03,2026-01-25,98.4,Open,3.2,Pass
V-03-2,03,2026-01-25,98.4,Open,4.0,Pass
V-03-3,03,2026-01-25,97.3,Open,3.3,Pass
V-04-1,04,2026-01-25,99.1,Open,1.4,Pass
V-04-2,04,2026-01-25,97.1,Open,1.5,Pass
V-04-3,04,2026-01-25,99.0,Open,1.4,Fail
V-05-1,05,2026-01-25,95.1,Open,1.6,Pass
V-05-2,05,2026-01-25,99.0,Open,2.5,Pass
V-05-3,05,2026-01-25,99.0,Open,1.2,Pass
V-06-1,06,2026-01-25,99.2,Open,3.7,Pass
V-06-2,06,2026-01-25,95.2,Open,4.4,Pass
V-06-3,06,2026-01-25,99.8,Open,2.7,Pass
V-07-1,07,2026-01-25,97.0,Open,1.8,Pass
V-07-2,07,2026-01-25,98.9,Open,1.8,Pass
V-07-3,07,2026-01-25,98.0,Open,3.7,Pass
V-01-1,01,2026-01-26,97.2,Open,3.0,Pass
V-01-2,01,2026-01-26,96.9,Open,2.6,Pass
V-01-3,01,2026-01-26,95.2,Open,1.9,Pass
V-02-1,02,2026-01-26,99.4,Open,3.6,Pass
V-02-2,02,2026-01-26,96.4,Open,2.6,Pass
V-02-3,02,2026-01-26,98.7,Open,4.2,Pass
V-03-1,03,2026-01-26,96.0,Open,3.7,Pass
V-03-2,03,2026-01-26,98.6,Open,0.6,Pass
V-03-3,03,2026-01-26,96.0,Open,1.6,Pass
V-04-1,04,2026-01-26,97.9,Open,3.0,Pass
V-04-2,04,2026-01-26,99.8,Open,4.8,Pass
V-04-3,04,2026-01-26,99.4,Open,4.2,Pass
V-05-1,05,2026-01-26,99.6,Open,2.3,Pass
V-05-2,05,2026-01-26,97.4,Open,3.7,Pass
V-05-3,05,2026-01-26,23.1,Closed,4.1,Pass
V-06-1,06,2026-01-26,95.4,Open,5.0,Pass
V-06-2,06,2026-01-26,98.3,Open,4.6,Pass
V-06-3,06,2026-01-26,95.6,Open,2.2,Pass
V-07-1,07,2026-01-26,97.6,Open,2.4,Pass
V-07-2,07,2026-01-26,95.8,Open,4.8,Pass
V-07-3,07,2026-01-26,95.5,Open,4.1,Pass
V-01-1,01,2026-01-27,97.5,Open,2.1,Pass
V-01-2,01,2026-01-27,98.2,Open,0.7,Pass
V-01-3,01,2026-01-27,96.8,Open,4.8,Pass
V-02-1,02,2026-01-27,3.7,Closed,1.0,Pass
V-02-2,02,2026-01-27,95.9,Open,2.1,Pass
V-02-3,02,2026-01-27,96.5,Open,4.3,Pass
V-03-1,03,2026-01-27,95.1,Open,1.2,Pass
V-03-2,03,2026-01-27,99.0,Open,3.9,Pass
V-03-3,03,2026-01-27,97.6,Open,3.1,Pass
V-04-1,04,2026-01-27,98.6,Open,4.7,Pass
V-04-2,04,2026-01-27,97.8,Open,4.1,Fail
V-04-3,04,2026-01-27,96.2,Open,2.0,Pass
V-05-1,05,2026-01-27,97.8,Open,2.5,Pass
V-05-2,05,2026-01-27,96.8,Open,4.4,Pass
V-05-3,05,2026-01-27,95.7,Open,2.7,Pass
V-06-1,06,2026-01-27,98.0,Open,0.9,Pass
V-06-2,06,2026-01-27,97.3,Open,3.9,Pass
V-06-3,06,2026-01-27,5.8,Closed,1.6,Pass
V-07-1,07,2026-01-27,95.2,Open,0.7,Pass
V-07-2,07,2026-01-27,97.0,Open,4.9,Pass
V-07-3,07,2026-01-27,96.8,Open,0.9,Pass
V-01-1,01,2026-01-28,96.8,Open,0.9,Pass
V-01-2,01,2026-01-28,96.8,Open,2.0,Pass
V-01-3,01,2026-01-28,95.3,Open,4.8,Pass
V-02-1,02,2026-01-28,98.6,Open,4.2,Pass
V-02-2,02,2026-01-28,99.9,Open,4.3,Pass
V-02-3,02,2026-01-28,98.4,Open,1.4,Pass
V-03-1,03,2026-01-28,97.6,Open,2.7,Fail
V-03-2,03,2026-01-28,96.4,Open,4.4,Pass
V-03-3,03,2026-01-28,97.9,Open,2.4,Pass
V-04-1,04,2026-01-28,96.1,Open,2.0,Pass
V-04-2,04,2026-01-28,99.1,Open,1.2,Pass
V-04-3,04,2026-01-28,98.0,Open,1.7,Pass
V-05-1,05,2026-01-28,17.4,Closed,1.8,Pass
V-05-2,05,2026-01-28,99.1,Open,4.9,Pass
V-05-3,05,2026-01-28,98.2,Open,1.4,Pass
V-06-1,06,2026-01-28,95.7,Open,1.6,Pass
V-06-2,06,2026-01-28,97.1,Open,2.6,Pass
V-06-3,06,2026-01-28,97.7,Open,2.6,Pass
V-07-1,07,2026-01-28,99.9,Open,3.3,Pass
V-07-2,07,2026-01-28,97.9,Open,4.8,Pass
V-07-3,07,2026-01-28,97.7,Open,2.5,Pass
V-01-1,01,2026-01-29,99.7,Open,1.3,Pass
V-01-2,01,2026-01-29,98.8,Open,0.5,Pass
V-01-3,01,2026-01-29,97.7,Open,3.4,Pass
V-02-1,02,2026-01-29,96.4,Open,1.5,Pass
V-02-2,02,2026-01-29,98.8,Open,4.1,Pass
V-02-3,02,2026-01-29,95.3,Open,2.7,Pass
V-03-1,03,2026-01-29,96.7,Open,2.2,Pass
V-03-2,03,2026-01-29,97.7,Open,2.1,Pass
V-03-3,03,2026-01-29,95.4,Open,1.5,Pass
V-04-1,04,2026-01-29,96.2,Open,1.1,Pass
V-04-2,04,2026-01-29,98.1,Open,4.3,Pass
V-04-3,04,2026-01-29,97.7,Open,0.8,Pass
V-05-1,05,2026-01-29,96.5,Open,1.7,Pass
V-05-2,05,2026-01-29,99.9,Open,4.8,Fail
V-05-3,05,2026-01-29,96.1,Open,4.7,Pass
V-06-1,06,2026-01-29,99.4,Open,4.9,Pass
V-06-2,06,2026-01-29,95.5,Open,1.8,Pass
V-06-3,06,2026-01-29,98.2,Open,1.4,Pass
V-07-1,07,2026-01-29,98.5,Open,0.8,Pass
V-07-2,07,2026-01-29,98.4,Open,0.9,Pass
V-07-3,07,2026-01-29,96.6,Open,0.5,Pass
V-01-1,01,2026-01-30,99.4,Open,4.1,Pass
V-01-2,01,2026-01-30,99.9,Open,2.4,Pass
V-01-3,01,2026-01-30,98.3,Open,2.0,Pass
V-02-1,02,2026-01-30,96.4,Open,1.7,Pass
V-02-2,02,2026-01-30,96.1,Open,1.7,Pass
V-02-3,02,2026-01-30,95.9,Open,3.1,Pass
V-03-1,03,2026-01-30,99.9,Open,1.9,Pass
V-03-2,03,2026-01-30,99.3,Open,3.1,Pass
V-03-3,03,2026-01-30,97.1,Open,2.3,Pass
V-04-1,04,2026-01-30,96.4,Open,0.5,Pass
V-04-2,04,2026-01-30,96.6,Open,3.1,Pass
V-04-3,04,2026-01-30,97.4,Open,2.6,Pass
V-05-1,05,2026-01-30,21.8,Closed,3.6,Pass
V-05-2,05,2026-01-30,98.3,Open,3.2,Pass
V-05-3,05,2026-01-30,98.4,Open,3.7,Pass
V-06-1,06,2026-01-30,99.7,Open,3.0,Pass
V-06-2,06,2026-01-30,97.3,Open,3.8,Pass
V-06-3,06,2026-01-30,99.7,Open,1.8,Pass
V-07-1,07,2026-01-30,97.2,Open,1.4,Pass
V-07-2,07,2026-01-30,97.8,Open,1.9,Pass
V-07-3,07,2026-01-30,13.8,Closed,2.0,Pass
V-01-1,01,2026-01-31,98.2,Open,2.3,Pass
V-01-2,01,2026-01-31,96.3,Open,1.0,Pass
V-01-3,01,2026-01-31,95.8,Open,3.1,Pass
V-02-1,02,2026-01-31,96.6,Open,4.3,Pass
V-02-2,02,2026-01-31,99.5,Open,3.8,Pass
V-02-3,02,2026-01-31,95.5,Open,2.4,Pass
V-03-1,03,2026-01-31,96.7,Open,4.8,Pass
V-03-2,03,2026-01-31,95.9,Open,3.9,Pass
V-03-3,03,2026-01-31,95.1,Open,4.9,Pass
V-04-1,04,2026-01-31,99.1,Open,4.2,Pass
V-04-2,04,2026-01-31,95.0,Open,3.4,Pass
V-04-3,04,2026-01-31,96.7,Open,4.5,Pass
V-05-1,05,2026-01-31,95.1,Open,4.4,Pass
V-05-2,05,2026-01-31,97.9,Open,4.0,Pass
V-05-3,05,2026-01-31,96.9,Open,3.4,Pass
V-06-1,06,2026-01-31,96.5,Open,1.4,Pass
V-06-2,06,2026-01-31,98.6,Open,4.9,Pass
V-06-3,06,2026-01-31,98.0,Open,0.7,Pass
V-07-1,07,2026-01-31,96.1,Open,1.0,Pass
V-07-2,07,2026-01-31,97.8,Open,0.7,Pass
V-07-3,07,2026-01-31,96.6,Open,3.7,Pass
V-01-1,01,2026-02-01,2.2,Closed,3.9,Pass
V-01-2,01,2026-02-01,1.7,Closed,4.0,Pass
V-01-3,01,2026-02-01,98.3,Open,2.6,Pass
V-02-1,02,2026-02-01,97.2,Open,0.7,Pass
V-02-2,02,2026-02-01,99.6,Open,3.0,Pass
V-02-3,02,2026-02-01,97.9,Open,0.5,Pass
V-03-1,03,2026-02-01,98.8,Open,2.5,Pass
V-03-2,03,2026-02-01,99.5,Open,1.3,Pass
V-03-3,03,2026-02-01,98.1,Open,1.0,Pass
V-04-1,04,2026-02-01,95.3,Open,1.4,Pass
V-04-2,04,2026-02-01,96.8,Open,3.8,Pass
V-04-3,04,2026-02-01,98.2,Open,1.7,Pass
V-05-1,05,2026-02-01,96.8,Open,5.0,Pass
V-05-2,05,2026-02-01,97.1,Open,0.6,Pass
V-05-3,05,2026-02-01,96.6,Open,2.1,Pass
V-06-1,06,2026-02-01,98.9,Open,2.7,Pass
V-06-2,06,2026-02-01,95.6,Open,1.6,Pass
V-06-3,06,2026-02-01,99.0,Open,3.7,Pass
V-07-1,07,2026-02-01,99.1,Open,2.6,Pass
V-07-2,07,2026-02-01,97.5,Open,2.2,Pass
V-07-3,07,2026-02-01,98.4,Open,3.4,Pass
V-01-1,01,2026-02-02,97.9,Open,4.7,Pass
V-01-2,01,2026-02-02,98.2,Open,2.4,Pass
V-01-3,01,2026-02-02,97.7,Open,2.9,Pass
V-02-1,02,2026-02-02,97.8,Open,4.3,Pass
V-02-2,02,2026-02-02,98.9,Open,1.6,Pass
V-02-3,02,2026-02-02,99.9,Open,4.6,Pass
V-03-1,03,2026-02-02,99.8,Open,1.3,Pass
V-03-2,03,2026-02-02,95.4,Open,1.9,Pass
V-03-3,03,2026-02-02,16.6,Closed,2.2,Pass
V-04-1,04,2026-02-02,96.2,Open,1.2,Pass
V-04-2,04,2026-02-02,95.7,Open,2.1,Pass
V-04-3,04,2026-02-02,98.1,Open,0.6,Pass
V-05-1,05,2026-02-02,98.7,Open,0.7,Pass
V-05-2,05,2026-02-02,98.3,Open,2.5,Pass
V-05-3,05,2026-02-02,99.2,Open,4.1,Pass
V-06-1,06,2026-02-02,99.2,Open,3.6,Pass
V-06-2,06,2026-02-02,98.7,Open,4.7,Pass
V-06-3,06,2026-02-02,99.5,Open,1.2,Fail
V-07-1,07,2026-02-02,97.1,Open,1.9,Pass
V-07-2,07,2026-02-02,95.1,Open,1.2,Pass
V-07-3,07,2026-02-02,95.7,Open,4.1,Pass
V-01-1,01,2026-02-03,99.8,Open,4.8,Pass
V-01-2,01,2026-02-03,98.3,Open,1.3,Pass
V-01-3,01,2026-02-03,99.7,Open,2.3,Pass
V-02-1,02,2026-02-03,97.5,Open,2.2,Pass
V-02-2,02,2026-02-03,96.9,Open,4.8,Pass
V-02-3,02,2026-02-03,0.8,Closed,3.5,Pass
V-03-1,03,2026-02-03,98.0,Open,2.7,Pass
V-03-2,03,2026-02-03,98.8,Open,3.6,Pass
V-03-3,03,2026-02-03,96.0,Open,1.2,Pass
V-04-1,04,2026-02-03,25.7,Closed,3.2,Pass
V-04-2,04,2026-02-03,97.3,Open,1.8,Pass
V-04-3,04,2026-02-03,96.5,Open,0.5,Pass
V-05-1,05,2026-02-03,95.8,Open,0.6,Pass
V-05-2,05,2026-02-03,98.3,Open,3.4,Pass
V-05-3,05,2026-02-03,96.7,Open,0.6,Pass
V-06-1,06,2026-02-03,97.8,Open,4.9,Pass
V-06-2,06,2026-02-03,98.3,Open,3.2,Pass
V-06-3,06,2026-02-03,98.8,Open,1.6,Pass
V-07-1,07,2026-02-03,95.2,Open,4.8,Pass
V-07-2,07,2026-02-03,96.3,Open,4.2,Pass
V-07-3,07,2026-02-03,99.4,Open,1.6,Pass
V-01-1,01,2026-02-04,97.7,Open,3.2,Pass
V-01-2,01,2026-02-04,97.1,Open,0.8,Pass
V-01-3,01,2026-02-04,96.7,Open,2.3,Pass
V-02-1,02,2026-02-04,97.1,Open,3.6,Pass
V-02-2,02,2026-02-04,95.3,Open,1.4,Pass
V-02-3,02,2026-02-04,98.4,Open,3.0,Fail
V-03-1,03,2026-02-04,99.7,Open,4.1,Pass
V-03-2,03,2026-02-04,99.0,Open,0.7,Pass
V-03-3,03,2026-02-04,98.5,Open,3.2,Pass
V-04-1,04,2026-02-04,99.0,Open,4.8,Pass
V-04-2,04,2026-02-04,99.7,Open,4.1,Pass
V-04-3,04,2026-02-04,96.2,Open,4.7,Pass
V-05-1,05,2026-02-04,97.6,Open,0.9,Pass
V-05-2,05,2026-02-04,97.3,Open,2.0,Pass
V-05-3,05,2026-02-04,97.1,Open,4.6,Pass
V-06-1,06,2026-02-04,99.2,Open,1.3,Pass
V-06-2,06,2026-02-04,96.4,Open,4.5,Pass
V-06-3,06,2026-02-04,98.2,Open,3.6,Pass
V-07-1,07,2026-02-04,97.0,Open,3.3,Pass
V-07-2,07,2026-02-04,98.9,Open,2.8,Pass
V-07-3,07,2026-02-04,95.5,Open,1.6,Pass
V-01-1,01,2026-02-05,97.4,Open,1.4,Pass
V-01-2,01,2026-02-05,1.1,Closed,2.3,Pass
V-01-3,01,2026-02-05,18.6,Closed,1.8,Pass
V-02-1,02,2026-02-05,99.4,Open,2.1,Pass
V-02-2,02,2026-02-05,99.0,Open,2.0,Pass
V-02-3,02,2026-02-05,98.9,Open,4.1,Pass
V-03-1,03,2026-02-05,96.9,Open,2.5,Pass
V-03-2,03,2026-02-05,98.7,Open,2.2,Pass
V-03-3,03,2026-02-05,95.9,Open,4.5,Pass
V-04-1,04,2026-02-05,99.8,Open,2.1,Pass
V-04-2,04,2026-02-05,97.4,Open,0.7,Pass
V-04-3,04,2026-02-05,22.1,Closed,4.8,Pass
V-05-1,05,2026-02-05,99.2,Open,0.9,Pass
V-05-2,05,2026-02-05,99.2,Open,3.5,Pass
V-05-3,05,2026-02-05,99.8,Open,2.5,Pass
V-06-1,06,2026-02-05,97.9,Open,3.4,Pass
V-06-2,06,2026-02-05,99.6,Open,1.2,Pass
V-06-3,06,2026-02-05,99.2,Open,4.3,Pass
V-07-1,07,2026-02-05,7.2,Closed,1.0,Pass
V-07-2,07,2026-02-05,95.7,Open,3.9,Pass
V-07-3,07,2026-02-05,95.1,Open,2.4,Fail
V-01-1,01,2026-02-06,98.6,Open,2.4,Pass
V-01-2,01,2026-02-06,97.6,Open,2.5,Pass
V-01-3,01,2026-02-06,97.2,Open,4.8,Pass
V-02-1,02,2026-02-06,99.2,Open,3.2,Pass
V-02-2,02,2026-02-06,97.6,Open,3.3,Pass
V-02-3,02,2026-02-06,95.6,Open,1.9,Pass
V-03-1,03,2026-02-06,98.9,Open,2.3,Pass
V-03-2,03,2026-02-06,96.3,Open,0.6,Pass
V-03-3,03,2026-02-06,98.7,Open,0.6,Pass
V-04-1,04,2026-02-06,95.7,Open,2.9,Pass
V-04-2,04,2026-02-06,96.9,Open,3.7,Pass
V-04-3,04,2026-02-06,98.3,Open,1.6,Pass
V-05-1,05,2026-02-06,20.9,Closed,1.2,Pass
V-05-2,05,2026-02-06,96.7,Open,4.8,Pass
V-05-3,05,2026-02-06,97.7,Open,0.8,Pass
V-06-1,06,2026-02-06,99.9,Open,2.1,Pass
V-06-2,06,2026-02-06,95.4,Open,3.8,Pass
V-06-3,06,2026-02-06,99.4,Open,3.4,Pass
V-07-1,07,2026-02-06,96.1,Open,3.8,Pass
V-07-2,07,2026-02-06,95.5,Open,1.6,Pass
V-07-3,07,2026-02-06,99.4,Open,1.9,Pass
V-01-1,01,2026-02-07,99.1,Open,1.3,Pass
V-01-2,01,2026-02-07,99.9,Open,3.8,Pass
V-01-3,01,2026-02-07,99.9,Open,2.8,Pass
V-02-1,02,2026-02-07,97.1,Open,0.6,Pass
V-02-2,02,2026-02-07,98.3,Open,4.8,Pass
V-02-3,02,2026-02-07,98.5,Open,3.5,Pass
V-03-1,03,2026-02-07,97.7,Open,1.5,Pass
V-03-2,03,2026-02-07,97.1,Open,2.6,Pass
V-03-3,03,2026-02-07,98.7,Open,3.7,Pass
V-04-1,04,2026-02-07,99.7,Open,1.4,Pass
V-04-2,04,2026-02-07,96.1,Open,2.7,Pass
V-04-3,04,2026-02-07,97.6,Open,2.5,Pass
V-05-1,05,2026-02-07,99.3,Open,2.1,Pass
V-05-2,05,2026-02-07,99.5,Open,0.6,Pass
V-05-3,05,2026-02-07,99.2,Open,2.7,Pass
V-06-1,06,2026-02-07,99.7,Open,3.1,Pass
V-06-2,06,2026-02-07,97.1,Open,0.8,Pass
V-06-3,06,2026-02-07,95.7,Open,2.5,Pass
V-07-1,07,2026-02-07,98.9,Open,2.4,Pass
V-07-2,07,2026-02-07,96.4,Open,1.8,Fail
V-07-3,07,2026-02-07,95.7,Open,3.0,Pass
V-01-1,01,2026-02-08,98.5,Open,1.5,Pass
V-01-2,01,2026-02-08,97.1,Open,4.0,Pass
V-01-3,01,2026-02-08,99.2,Open,2.6,Pass
V-02-1,02,2026-02-08,96.2,Open,1.7,Pass
V-02-2,02,2026-02-08,99.7,Open,3.7,Pass
V-02-3,02,2026-02-08,98.2,Open,4.4,Pass
V-03-1,03,2026-02-08,96.1,Open,4.5,Pass
V-03-2,03,2026-02-08,99.0,Open,4.2,Pass
V-03-3,03,2026-02-08,99.8,Open,3.2,Pass
V-04-1,04,2026-02-08,97.2,Open,4.3,Pass
V-04-2,04,2026-02-08,98.6,Open,2.8,Pass
V-04-3,04,2026-02-08,26.4,Closed,1.1,Pass
V-05-1,05,2026-02-08,99.3,Open,1.2,Pass
V-05-2,05,2026-02-08,99.9,Open,4.1,Pass
V-05-3,05,2026-02-08,95.6,Open,3.9,Pass
V-06-1,06,2026-02-08,98.5,Open,4.1,Pass
V-06-2,06,2026-02-08,97.8,Open,4.5,Pass
V-06-3,06,2026-02-08,99.5,Open,3.0,Pass
V-07-1,07,2026-02-08,96.9,Open,2.8,Fail
V-07-2,07,2026-02-08,98.9,Open,0.9,Pass
V-07-3,07,2026-02-08,99.8,Open,3.2,Pass
V-01-1,01,2026-02-09,99.7,Open,3.0,Pass
V-01-2,01,2026-02-09,98.0,Open,1.4,Pass
V-01-3,01,2026-02-09,100.0,Open,3.6,Pass
V-02-1,02,2026-02-09,95.7,Open,4.8,Pass
V-02-2,02,2026-02-09,98.9,Open,3.7,Pass
V-02-3,02,2026-02-09,95.6,Open,3.2,Pass
V-03-1,03,2026-02-09,96.1,Open,3.6,Pass
V-03-2,03,2026-02-09,96.4,Open,4.0,Pass
V-03-3,03,2026-02-09,98.5,Open,2.4,Pass
V-04-1,04,2026-02-09,95.2,Open,3.5,Pass
V-04-2,04,2026-02-09,28.1,Closed,4.3,Pass
V-04-3,04,2026-02-09,95.7,Open,2.3,Pass
V-05-1,05,2026-02-09,95.9,Open,2.7,Pass
V-05-2,05,2026-02-09,99.1,Open,4.2,Pass
V-05-3,05,2026-02-09,3.0,Closed,0.5,Pass
V-06-1,06,2026-02-09,96.7,Open,2.7,Pass
V-06-2,06,2026-02-09,97.8,Open,2.3,Pass
V-06-3,06,2026-02-09,98.1,Open,2.1,Pass
V-07-1,07,2026-02-09,9.4,Closed,0.5,Pass
V-07-2,07,2026-02-09,97.6,Open,1.1,Pass
V-07-3,07,2026-02-09,95.1,Open,0.8,Pass
V-01-1,01,2026-02-10,98.9,Open,4.8,Pass
V-01-2,01,2026-02-10,98.6,Open,4.4,Pass
V-01-3,01,2026-02-10,95.9,Open,3.6,Pass
V-02-1,02,2026-02-10,98.7,Open,3.4,Pass
V-02-2,02,2026-02-10,96.6,Open,3.5,Pass
V-02-3,02,2026-02-10,97.2,Open,1.1,Pass
V-03-1,03,2026-02-10,95.9,Open,4.5,Pass
V-03-2,03,2026-02-10,95.4,Open,4.5,Pass
V-03-3,03,2026-02-10,96.3,Open,0.5,Pass
V-04-1,04,2026-02-10,95.5,Open,4.2,Pass
V-04-2,04,2026-02-10,6.4,Closed,4.1,Pass
V-04-3,04,2026-02-10,98.1,Open,3.0,Pass
V-05-1,05,2026-02-10,96.6,Open,4.1,Pass
V-05-2,05,2026-02-10,97.7,Open,1.0,Pass
V-05-3,05,2026-02-10,95.1,Open,3.6,Pass
V-06-1,06,2026-02-10,95.3,Open,1.8,Pass
V-06-2,06,2026-02-10,97.7,Open,4.1,Pass
V-06-3,06,2026-02-10,96.8,Open,2.1,Pass
V-07-1,07,2026-02-10,99.4,Open,1.4,Pass
V-07-2,07,2026-02-10,98.3,Open,2.8,Pass
V-07-3,07,2026-02-10,99.5,Open,4.6,Pass
V-01-1,01,2026-02-11,95.9,Open,3.4,Pass
V-01-2,01,2026-02-11,98.0,Open,2.2,Pass
V-01-3,01,2026-02-11,96.8,Open,2.6,Pass
V-02-1,02,2026-02-11,96.5,Open,3.1,Pass
V-02-2,02,2026-02-11,97.1,Open,4.4,Pass
V-02-3,02,2026-02-11,96.4,Open,3.8,Pass
V-03-1,03,2026-02-11,97.5,Open,2.5,Pass
V-03-2,03,2026-02-11,97.7,Open,2.2,Pass
V-03-3,03,2026-02-11,98.8,Open,1.1,Pass
V-04-1,04,2026-02-11,95.2,Open,4.8,Pass
V-04-2,04,2026-02-11,97.9,Open,2.5,Pass
V-04-3,04,2026-02-11,95.9,Open,2.8,Pass
V-05-1,05,2026-02-11,98.2,Open,3.3,Pass
V-05-2,05,2026-02-11,95.6,Open,2.9,Pass
V-05-3,05,2026-02-11,95.1,Open,2.1,Pass
V-06-1,06,2026-02-11,96.8,Open,4.2,Pass
V-06-2,06,2026-02-11,97.6,Open,1.7,Pass
V-06-3,06,2026-02-11,95.4,Open,4.3,Pass
V-07-1,07,2026-02-11,97.4,Open,1.2,Pass
V-07-2,07,2026-02-11,96.5,Open,3.3,Pass
V-07-3,07,2026-02-11,97.2,Open,4.2,Pass
V-01-1,01,2026-02-12,95.4,Open,0.7,Pass
V-01-2,01,2026-02-12,98.1,Open,0.7,Pass
V-01-3,01,2026-02-12,97.6,Open,2.5,Pass
V-02-1,02,2026-02-12,98.7,Open,3.7,Pass
V-02-2,02,2026-02-12,97.7,Open,3.3,Pass
V-02-3,02,2026-02-12,97.2,Open,2.5,Pass
V-03-1,03,2026-02-12,95.3,Open,2.2,Pass
V-03-2,03,2026-02-12,99.2,Open,2.5,Pass
V-03-3,03,2026-02-12,96.7,Open,0.8,Pass
V-04-1,04,2026-02-12,98.9,Open,3.6,Pass
V-04-2,04,2026-02-12,99.2,Open,3.6,Pass
V-04-3,04,2026-02-12,95.5,Open,1.7,Pass
V-05-1,05,2026-02-12,96.8,Open,0.8,Pass
V-05-2,05,2026-02-12,98.2,Open,2.0,Pass
V-05-3,05,2026-02-12,99.4,Open,2.4,Pass
V-06-1,06,2026-02-12,97.2,Open,1.4,Pass
V-06-2,06,2026-02-12,97.3,Open,0.7,Pass
V-06-3,06,2026-02-12,98.2,Open,3.1,Pass
V-07-1,07,2026-02-12,96.6,Open,4.2,Pass
V-07-2,07,2026-02-12,96.0,Open,3.9,Pass
V-07-3,07,2026-02-12,97.0,Open,3.1,Pass
V-01-1,01,2026-02-13,96.0,Open,0.8,Pass
V-01-2,01,2026-02-13,97.0,Open,4.7,Pass
V-01-3,01,2026-02-13,99.3,Open,3.9,Pass
V-02-1,02,2026-02-13,96.5,Open,2.3,Pass
V-02-2,02,2026-02-13,95.6,Open,1.2,Pass
V-02-3,02,2026-02-13,96.5,Open,4.9,Fail
V-03-1,03,2026-02-13,96.4,Open,3.4,Pass
V-03-2,03,2026-02-13,99.6,Open,4.7,Pass
V-03-3,03,2026-02-13,99.9,Open,3.5,Pass
V-04-1,04,2026-02-13,98.0,Open,1.8,Pass
V-04-2,04,2026-02-13,95.4,Open,3.8,Pass
V-04-3,04,2026-02-13,95.0,Open,4.4,Pass
V-05-1,05,2026-02-13,98.7,Open,1.1,Pass
V-05-2,05,2026-02-13,99.8,Open,5.0,Pass
V-05-3,05,2026-02-13,98.3,Open,1.8,Pass
V-06-1,06,2026-02-13,96.1,Open,2.3,Pass
V-06-2,06,2026-02-13,97.4,Open,0.6,Pass
V-06-3,06,2026-02-13,97.0,Open,4.5,Pass
V-07-1,07,2026-02-13,97.8,Open,4.9,Pass
V-07-2,07,2026-02-13,95.0,Open,4.2,Pass
V-07-3,07,2026-02-13,97.5,Open,2.2,Pass
V-01-1,01,2026-02-14,97.2,Open,2.0,Pass
V-01-2,01,2026-02-14,96.3,Open,3.2,Pass
V-01-3,01,2026-02-14,98.7,Open,2.3,Pass
V-02-1,02,2026-02-14,99.7,Open,1.0,Pass
V-02-2,02,2026-02-14,96.1,Open,2.2,Pass
V-02-3,02,2026-02-14,96.0,Open,4.5,Pass
V-03-1,03,2026-02-14,99.8,Open,0.6,Pass
V-03-2,03,2026-02-14,100.0,Open,1.9,Pass
V-03-3,03,2026-02-14,99.4,Open,3.4,Pass
V-04-1,04,2026-02-14,99.0,Open,0.6,Pass
V-04-2,04,2026-02-14,98.3,Open,3.9,Fail
V-04-3,04,2026-02-14,96.2,Open,2.1,Pass
V-05-1,05,2026-02-14,96.0,Open,4.2,Pass
V-05-2,05,2026-02-14,95.5,Open,3.6,Pass
V-05-3,05,2026-02-14,95.5,Open,3.4,Pass
V-06-1,06,2026-02-14,98.6,Open,3.3,Pass
V-06-2,06,2026-02-14,96.2,Open,4.0,Pass
V-06-3,06,2026-02-14,95.2,Open,4.2,Pass
V-07-1,07,2026-02-14,96.4,Open,4.9,Pass
V-07-2,07,2026-02-14,95.1,Open,1.7,Pass
V-07-3,07,2026-02-14,95.4,Open,1.9,Pass
V-01-1,01,2026-02-15,95.7,Open,3.0,Pass
V-01-2,01,2026-02-15,97.7,Open,4.5,Pass
V-01-3,01,2026-02-15,95.4,Open,4.2,Pass
V-02-1,02,2026-02-15,97.9,Open,4.5,Pass
V-02-2,02,2026-02-15,98.2,Open,3.2,Pass
V-02-3,02,2026-02-15,95.7,Open,2.4,Pass
V-03-1,03,2026-02-15,96.5,Open,3.2,Pass
V-03-2,03,2026-02-15,99.7,Open,0.9,Pass
V-03-3,03,2026-02-15,95.5,Open,1.5,Pass
V-04-1,04,2026-02-15,98.4,Open,4.6,Pass
V-04-2,04,2026-02-15,96.1,Open,1.3,Pass
V-04-3,04,2026-02-15,97.4,Open,4.7,Pass
V-05-1,05,2026-02-15,98.0,Open,2.1,Pass
V-05-2,05,2026-02-15,96.1,Open,4.7,Pass
V-05-3,05,2026-02-15,98.5,Open,1.0,Pass
V-06-1,06,2026-02-15,97.6,Open,3.5,Pass
V-06-2,06,2026-02-15,98.1,Open,3.4,Pass
V-06-3,06,2026-02-15,98.2,Open,2.1,Pass
V-07-1,07,2026-02-15,96.4,Open,0.6,Pass
V-07-2,07,2026-02-15,98.2,Open,2.7,Pass
V-07-3,07,2026-02-15,97.6,Open,2.7,Pass
V-01-1,01,2026-02-16,97.0,Open,1.1,Pass
V-01-2,01,2026-02-16,99.2,Open,3.0,Pass
V-01-3,01,2026-02-16,96.3,Open,3.9,Pass
V-02-1,02,2026-02-16,96.7,Open,1.3,Pass
V-02-2,02,2026-02-16,98.9,Open,1.0,Pass
V-02-3,02,2026-02-16,97.7,Open,3.9,Pass
V-03-1,03,2026-02-16,96.2,Open,2.3,Fail
V-03-2,03,2026-02-16,97.6,Open,2.0,Pass
V-03-3,03,2026-02-16,98.9,Open,2.0,Pass
V-04-1,04,2026-02-16,95.3,Open,2.5,Pass
V-04-2,04,2026-02-16,96.4,Open,3.7,Pass
V-04-3,04,2026-02-16,95.7,Open,3.9,Pass
V-05-1,05,2026-02-16,96.8,Open,1.5,Pass
V-05-2,05,2026-02-16,99.6,Open,2.0,Pass
V-05-3,05,2026-02-16,98.5,Open,0.7,Pass
V-06-1,06,2026-02-16,97.2,Open,4.3,Pass
V-06-2,06,2026-02-16,97.8,Open,4.8,Pass
V-06-3,06,2026-02-16,96.2,Open,0.9,Pass
V-07-1,07,2026-02-16,97.3,Open,4.3,Pass
V-07-2,07,2026-02-16,97.3,Open,0.5,Pass
V-07-3,07,2026-02-16,98.9,Open,1.5,Pass
V-01-1,01,2026-02-17,95.8,Open,5.0,Pass
V-01-2,01,2026-02-17,95.1,Open,4.3,Pass
V-01-3,01,2026-02-17,99.0,Open,4.9,Pass
V-02-1,02,2026-02-17,95.5,Open,5.0,Pass
V-02-2,02,2026-02-17,98.9,Open,2.3,Pass
V-02-3,02,2026-02-17,98.8,Open,0.7,Pass
V-03-1,03,2026-02-17,95.2,Open,4.5,Pass
V-03-2,03,2026-02-17,95.1,Open,2.4,Fail
V-03-3,03,2026-02-17,95.6,Open,4.2,Pass
V-04-1,04,2026-02-17,99.2,Open,3.4,Pass
V-04-2,04,2026-02-17,95.1,Open,1.8,Pass
V-04-3,04,2026-02-17,98.0,Open,1.1,Pass
V-05-1,05,2026-02-17,98.9,Open,0.6,Pass
V-05-2,05,2026-02-17,98.8,Open,4.2,Pass
V-05-3,05,2026-02-17,98.2,Open,1.1,Pass
V-06-1,06,2026-02-17,97.2,Open,4.6,Pass
V-06-2,06,2026-02-17,96.3,Open,2.8,Pass
V-06-3,06,2026-02-17,99.5,Open,3.3,Pass
V-07-1,07,2026-02-17,95.6,Open,3.7,Pass
V-07-2,07,2026-02-17,96.5,Open,3.1,Pass
V-07-3,07,2026-02-17,95.9,Open,2.6,Pass
V-01-1,01,2026-02-18,95.9,Open,2.5,Pass
V-01-2,01,2026-02-18,96.3,Open,0.9,Pass
V-01-3,01,2026-02-18,95.2,Open,2.2,Pass
V-02-1,02,2026-02-18,99.7,Open,2.5,Pass
V-02-2,02,2026-02-18,96.3,Open,0.9,Pass
V-02-3,02,2026-02-18,97.1,Open,2.8,Pass
V-03-1,03,2026-02-18,99.3,Open,3.5,Pass
V-03-2,03,2026-02-18,99.6,Open,2.1,Pass
V-03-3,03,2026-02-18,98.2,Open,1.3,Pass
V-04-1,04,2026-02-18,98.9,Open,2.1,Pass
V-04-2,04,2026-02-18,97.6,Open,4.7,Pass
V-04-3,04,2026-02-18,7.0,Closed,1.6,Pass
V-05-1,05,2026-02-18,98.7,Open,4.0,Pass
V-05-2,05,2026-02-18,97.1,Open,1.9,Pass
V-05-3,05,2026-02-18,95.7,Open,2.6,Pass
V-06-1,06,2026-02-18,98.4,Open,1.4,Pass
V-06-2,06,2026-02-18,98.2,Open,5.0,Pass
V-06-3,06,2026-02-18,98.4,Open,2.8,Pass
V-07-1,07,2026-02-18,99.8,Open,2.6,Pass
V-07-2,07,2026-02-18,97.9,Open,4.2,Pass
V-07-3,07,2026-02-18,95.9,Open,3.8,Pass
V-01-1,01,2026-02-19,96.2,Open,3.5,Pass
V-01-2,01,2026-02-19,10.0,Closed,2.3,Pass
V-01-3,01,2026-02-19,97.6,Open,0.8,Pass
V-02-1,02,2026-02-19,99.6,Open,4.0,Pass
V-02-2,02,2026-02-19,98.7,Open,2.9,Pass
V-02-3,02,2026-02-19,95.3,Open,3.7,Pass
V-03-1,03,2026-02-19,98.4,Open,1.8,Pass
V-03-2,03,2026-02-19,98.0,Open,4.2,Pass
V-03-3,03,2026-02-19,96.8,Open,3.9,Pass
V-04-1,04,2026-02-19,95.6,Open,1.9,Pass
V-04-2,04,2026-02-19,95.3,Open,1.9,Pass
V-04-3,04,2026-02-19,97.6,Open,1.8,Pass
V-05-1,05,2026-02-19,98.0,Open,3.4,Pass
V-05-2,05,2026-02-19,99.3,Open,1.5,Pass
V-05-3,05,2026-02-19,97.2,Open,4.9,Pass
V-06-1,06,2026-02-19,98.0,Open,1.9,Pass
V-06-2,06,2026-02-19,98.4,Open,4.5,Pass
V-06-3,06,2026-02-19,99.7,Open,1.4,Pass
V-07-1,07,2026-02-19,99.8,Open,2.5,Pass
V-07-2,07,2026-02-19,99.3,Open,2.6,Pass
V-07-3,07,2026-02-19,96.6,Open,2.1,Pass
V-01-1,01,2026-02-20,95.4,Open,4.9,Pass
V-01-2,01,2026-02-20,99.2,Open,2.5,Pass
V-01-3,01,2026-02-20,96.0,Open,3.7,Pass
V-02-1,02,2026-02-20,99.0,Open,4.1,Pass
V-02-2,02,2026-02-20,98.9,Open,4.4,Pass
V-02-3,02,2026-02-20,96.2,Open,3.7,Pass
V-03-1,03,2026-02-20,97.1,Open,4.7,Pass
V-03-2,03,2026-02-20,95.7,Open,3.1,Pass
V-03-3,03,2026-02-20,99.6,Open,0.8,Fail
V-04-1,04,2026-02-20,100.0,Open,2.3,Pass
V-04-2,04,2026-02-20,99.6,Open,3.5,Pass
V-04-3,04,2026-02-20,96.2,Open,4.3,Pass
V-05-1,05,2026-02-20,97.3,Open,0.9,Pass
V-05-2,05,2026-02-20,97.8,Open,1.4,Pass
V-05-3,05,2026-02-20,96.0,Open,0.6,Pass
V-06-1,06,2026-02-20,98.8,Open,2.9,Pass
V-06-2,06,2026-02-20,98.2,Open,1.1,Pass
V-06-3,06,2026-02-20,95.5,Open,1.6,Pass
V-07-1,07,2026-02-20,99.9,Open,4.2,Pass
V-07-2,07,2026-02-20,98.1,Open,1.4,Pass
V-07-3,07,2026-02-20,95.5,Open,2.1,Pass
V-01-1,01,2026-02-21,99.7,Open,4.8,Pass
V-01-2,01,2026-02-21,95.0,Open,3.2,Pass
V-01-3,01,2026-02-21,99.7,Open,4.2,Pass
V-02-1,02,2026-02-21,95.7,Open,3.3,Pass
V-02-2,02,2026-02-21,98.6,Open,3.8,Pass
V-02-3,02,2026-02-21,95.2,Open,1.3,Pass
V-03-1,03,2026-02-21,96.6,Open,2.8,Pass
V-03-2,03,2026-02-21,97.8,Open,3.8,Pass
V-03-3,03,2026-02-21,98.0,Open,4.5,Pass
V-04-1,04,2026-02-21,99.9,Open,5.0,Pass
V-04-2,04,2026-02-21,95.6,Open,3.3,Pass
V-04-3,04,2026-02-21,95.8,Open,2.4,Pass
V-05-1,05,2026-02-21,95.2,Open,2.6,Pass
V-05-2,05,2026-02-21,97.3,Open,4.0,Pass
V-05-3,05,2026-02-21,99.5,Open,3.6,Pass
V-06-1,06,2026-02-21,98.8,Open,0.7,Pass
V-06-2,06,2026-02-21,96.4,Open,1.8,Pass
V-06-3,06,2026-02-21,98.7,Open,1.7,Pass
V-07-1,07,2026-02-21,96.5,Open,3.1,Pass
V-07-2,07,2026-02-21,95.3,Open,3.9,Pass
V-07-3,07,2026-02-21,98.9,Open,3.1,Pass
V-01-1,01,2026-02-22,96.0,Open,2.5,Pass
V-01-2,01,2026-02-22,99.7,Open,1.2,Pass
V-01-3,01,2026-02-22,2.1,Closed,0.5,Pass
V-02-1,02,2026-02-22,99.3,Open,2.8,Pass
V-02-2,02,2026-02-22,97.2,Open,4.1,Pass
V-02-3,02,2026-02-22,97.7,Open,3.3,Pass
V-03-1,03,2026-02-22,95.2,Open,3.8,Pass
V-03-2,03,2026-02-22,96.9,Open,3.4,Pass
V-03-3,03,2026-02-22,95.2,Open,3.3,Pass
V-04-1,04,2026-02-22,97.8,Open,4.7,Pass
V-04-2,04,2026-02-22,99.4,Open,0.6,Pass
V-04-3,04,2026-02-22,12.0,Closed,4.7,Pass
V-05-1,05,2026-02-22,95.4,Open,2.4,Pass
V-05-2,05,2026-02-22,95.2,Open,3.2,Pass
V-05-3,05,2026-02-22,98.8,Open,2.5,Pass
V-06-1,06,2026-02-22,98.7,Open,4.9,Pass
V-06-2,06,2026-02-22,98.5,Open,2.3,Pass
V-06-3,06,2026-02-22,97.4,Open,2.3,Pass
V-07-1,07,2026-02-22,99.6,Open,0.8,Pass
V-07-2,07,2026-02-22,99.3,Open,1.4,Pass
V-07-3,07,2026-02-22,99.2,Open,3.2,Pass
V-01-1,01,2026-02-23,95.4,Open,1.6,Pass
V-01-2,01,2026-02-23,97.0,Open,2.2,Pass
V-01-3,01,2026-02-23,98.5,Open,2.7,Pass
V-02-1,02,2026-02-23,98.4,Open,0.6,Pass
V-02-2,02,2026-02-23,99.1,Open,3.2,Pass
V-02-3,02,2026-02-23,98.9,Open,4.4,Pass
V-03-1,03,2026-02-23,96.1,Open,3.8,Fail
V-03-2,03,2026-02-23,95.0,Open,0.7,Pass
V-03-3,03,2026-02-23,95.4,Open,1.1,Pass
V-04-1,04,2026-02-23,99.8,Open,2.1,Pass
V-04-2,04,2026-02-23,96.1,Open,1.7,Pass
V-04-3,04,2026-02-23,95.2,Open,4.7,Pass
V-05-1,05,2026-02-23,95.6,Open,4.9,Pass
V-05-2,05,2026-02-23,99.0,Open,1.4,Pass
V-05-3,05,2026-02-23,97.5,Open,4.9,Pass
V-06-1,06,2026-02-23,97.4,Open,0.5,Pass
V-06-2,06,2026-02-23,95.6,Open,4.7,Pass
V-06-3,06,2026-02-23,96.2,Open,4.3,Pass
V-07-1,07,2026-02-23,96.5,Open,1.7,Pass
V-07-2,07,2026-02-23,96.8,Open,4.2,Pass
V-07-3,07,2026-02-23,98.1,Open,0.9,Pass
V-01-1,01,2026-02-24,97.3,Open,2.7,Pass
V-01-2,01,2026-02-24,97.3,Open,0.7,Pass
V-01-3,01,2026-02-24,99.4,Open,2.9,Pass
V-02-1,02,2026-02-24,98.9,Open,1.3,Pass
V-02-2,02,2026-02-24,97.2,Open,2.5,Pass
V-02-3,02,2026-02-24,97.9,Open,1.4,Pass
V-03-1,03,2026-02-24,96.0,Open,1.6,Pass
V-03-2,03,2026-02-24,99.7,Open,4.6,Pass
V-03-3,03,2026-02-24,95.2,Open,3.0,Pass
V-04-1,04,2026-02-24,1.6,Closed,3.2,Pass
V-04-2,04,2026-02-24,97.4,Open,0.7,Pass
V-04-3,04,2026-02-24,95.8,Open,4.5,Pass
V-05-1,05,2026-02-24,98.0,Open,1.8,Pass
V-05-2,05,2026-02-24,96.7,Open,2.4,Pass
V-05-3,05,2026-02-24,96.5,Open,2.1,Pass
V-06-1,06,2026-02-24,97.6,Open,3.8,Pass
V-06-2,06,2026-02-24,95.2,Open,4.8,Pass
V-06-3,06,2026-02-24,96.5,Open,4.3,Pass
V-07-1,07,2026-02-24,99.3,Open,4.6,Pass
V-07-2,07,2026-02-24,95.4,Open,3.9,Pass
V-07-3,07,2026-02-24,95.4,Open,1.8,Pass
V-01-1,01,2026-02-25,98.2,Open,0.6,Pass
V-01-2,01,2026-02-25,98.1,Open,1.2,Pass
V-01-3,01,2026-02-25,97.0,Open,2.2,Pass
V-02-1,02,2026-02-25,98.8,Open,1.0,Fail
V-02-2,02,2026-02-25,96.7,Open,2.5,Pass
V-02-3,02,2026-02-25,99.5,Open,4.9,Pass
V-03-1,03,2026-02-25,96.9,Open,4.2,Pass
V-03-2,03,2026-02-25,97.7,Open,2.0,Pass
V-03-3,03,2026-02-25,98.2,Open,4.1,Pass
V-04-1,04,2026-02-25,99.1,Open,3.9,Pass
V-04-2,04,2026-02-25,95.2,Open,2.4,Pass
V-04-3,04,2026-02-25,98.6,Open,1.3,Pass
V-05-1,05,2026-02-25,98.0,Open,4.6,Pass
V-05-2,05,2026-02-25,98.2,Open,3.5,Pass
V-05-3,05,2026-02-25,27.1,Closed,3.1,Pass
V-06-1,06,2026-02-25,96.2,Open,2.8,Pass
V-06-2,06,2026-02-25,96.2,Open,0.8,Pass
V-06-3,06,2026-02-25,95.2,Open,4.8,Pass
V-07-1,07,2026-02-25,97.6,Open,1.0,Pass
V-07-2,07,2026-02-25,96.7,Open,2.7,Pass
V-07-3,07,2026-02-25,96.8,Open,1.5,Pass
V-01-1,01,2026-02-26,95.5,Open,3.5,Pass
V-01-2,01,2026-02-26,97.1,Open,4.1,Pass
V-01-3,01,2026-02-26,95.9,Open,1.8,Pass
V-02-1,02,2026-02-26,97.5,Open,2.5,Pass
V-02-2,02,2026-02-26,95.3,Open,1.6,Pass
V-02-3,02,2026-02-26,96.3,Open,0.7,Pass
V-03-1,03,2026-02-26,99.2,Open,2.2,Pass
V-03-2,03,2026-02-26,97.4,Open,2.8,Pass
V-03-3,03,2026-02-26,98.1,Open,4.4,Pass
V-04-1,04,2026-02-26,99.6,Open,1.3,Pass
V-04-2,04,2026-02-26,95.0,Open,2.1,Pass
V-04-3,04,2026-02-26,95.2,Open,2.2,Pass
V-05-1,05,2026-02-26,9.2,Closed,1.9,Pass
V-05-2,05,2026-02-26,99.7,Open,2.1,Pass
V-05-3,05,2026-02-26,97.1,Open,3.4,Pass
V-06-1,06,2026-02-26,99.4,Open,4.5,Pass
V-06-2,06,2026-02-26,98.7,Open,1.0,Pass
V-06-3,06,2026-02-26,97.2,Open,3.3,Pass
V-07-1,07,2026-02-26,97.3,Open,3.1,Pass
V-07-2,07,2026-02-26,98.7,Open,1.0,Pass
V-07-3,07,2026-02-26,96.7,Open,3.3,Pass
V-01-1,01,2026-02-27,95.1,Open,2.5,Pass
V-01-2,01,2026-02-27,97.8,Open,4.8,Fail
V-01-3,01,2026-02-27,99.2,Open,1.3,Pass
V-02-1,02,2026-02-27,24.8,Closed,3.8,Pass
V-02-2,02,2026-02-27,98.5,Open,2.0,Pass
V-02-3,02,2026-02-27,96.9,Open,1.4,Pass
V-03-1,03,2026-02-27,98.8,Open,4.5,Pass
V-03-2,03,2026-02-27,98.8,Open,3.2,Pass
V-03-3,03,2026-02-27,97.8,Open,2.3,Pass
V-04-1,04,2026-02-27,95.3,Open,2.0,Pass
V-04-2,04,2026-02-27,98.8,Open,2.6,Pass
V-04-3,04,2026-02-27,99.7,Open,2.8,Pass
V-05-1,05,2026-02-27,95.1,Open,4.3,Fail
V-05-2,05,2026-02-27,98.1,Open,4.1,Pass
V-05-3,05,2026-02-27,11.6,Closed,3.1,Pass
V-06-1,06,2026-02-27,96.8,Open,4.7,Pass
V-06-2,06,2026-02-27,95.8,Open,3.4,Pass
V-06-3,06,2026-02-27,99.9,Open,0.9,Pass
V-07-1,07,2026-02-27,25.2,Closed,3.9,Pass
V-07-2,07,2026-02-27,95.3,Open,4.9,Pass
V-07-3,07,2026-02-27,96.0,Open,3.1,Pass
V-01-1,01,2026-02-28,96.2,Open,1.4,Pass
V-01-2,01,2026-02-28,96.2,Open,2.6,Pass
V-01-3,01,2026-02-28,98.9,Open,3.5,Pass
V-02-1,02,2026-02-28,95.4,Open,1.5,Pass
V-02-2,02,2026-02-28,98.8,Open,4.6,Pass
V-02-3,02,2026-02-28,96.4,Open,3.7,Pass
V-03-1,03,2026-02-28,96.1,Open,2.2,Pass
V-03-2,03,2026-02-28,16.3,Closed,0.7,Pass
V-03-3,03,2026-02-28,99.2,Open,2.0,Pass
V-04-1,04,2026-02-28,98.7,Open,3.7,Pass
V-04-2,04,2026-02-28,95.7,Open,2.1,Pass
V-04-3,04,2026-02-28,98.3,Open,4.7,Pass
V-05-1,05,2026-02-28,95.7,Open,3.6,Pass
V-05-2,05,2026-02-28,95.8,Open,4.8,Pass
V-05-3,05,2026-02-28,99.4,Open,3.3,Pass
V-06-1,06,2026-02-28,95.2,Open,2.9,Pass
V-06-2,06,2026-02-28,98.2,Open,2.4,Pass
V-06-3,06,2026-02-28,99.8,Open,4.2,Pass
V-07-1,07,2026-02-28,95.5,Open,4.3,Pass
V-07-2,07,2026-02-28,10.2,Closed,3.5,Pass
V-07-3,07,2026-02-28,98.2,Open,4.7,Pass
