timestamp,ambient_temp_f,precipitation_in,wind_speed_mph,humidity_pct,ground_temp_f,frost_heave_risk
2025-12-01T00:00:00,48.5,0,6.7,45.9,33.5,No
2025-12-01T01:00:00,51.0,0,8.5,50.6,36.9,No
2025-12-01T02:00:00,73.6,0,4.7,54.9,61.5,No
2025-12-01T03:00:00,41.0,0,10.2,85.4,24.6,Yes
2025-12-01T04:00:00,47.0,0.05,9.9,62.8,30.9,Yes
2025-12-01T05:00:00,56.3,0,11.2,58.8,41.5,No
2025-12-01T06:00:00,56.4,0,2.0,78.3,34.4,No
2025-12-01T07:00:00,48.8,0,10.8,90.0,33.2,No
2025-12-01T08:00:00,47.8,0,3.9,92.3,37.9,No
2025-12-01T09:00:00,56.7,0,0.9,56.1,42.8,No
2025-12-01T10:00:00,44.3,0,6.5,90.2,32.4,No
2025-12-01T11:00:00,43.1,0,6.4,40.8,28.4,Yes
2025-12-01T12:00:00,45.3,0,4.5,35.9,26.7,Yes
2025-12-01T13:00:00,60.7,0,11.0,94.8,43.9,No
2025-12-01T14:00:00,57.5,0,3.8,36.6,40.6,No
2025-12-01T15:00:00,55.1,0,10.0,31.9,47.5,No
2025-12-01T16:00:00,61.4,0,1.0,69.1,39.6,No
2025-12-01T17:00:00,62.7,0,3.9,86.9,41.1,No
2025-12-01T18:00:00,49.0,0,9.7,45.4,34.2,No
2025-12-01T19:00:00,46.0,0,9.6,66.9,23.9,Yes
2025-12-01T20:00:00,57.6,0,10.6,55.7,41.2,No
2025-12-01T21:00:00,57.6,0,10.3,83.5,44.1,No
2025-12-01T22:00:00,59.6,0,8.2,68.4,46.7,No
2025-12-01T23:00:00,61.1,0,3.5,62.2,48.3,No
2025-12-02T00:00:00,66.4,0,7.1,43.5,49.2,No
2025-12-02T01:00:00,52.3,0,3.7,42.0,31.4,Yes
2025-12-02T02:00:00,54.0,0,8.7,38.7,36.4,No
2025-12-02T03:00:00,42.4,0,11.8,74.9,31.9,Yes
2025-12-02T04:00:00,60.9,0,5.7,45.4,44.0,No
2025-12-02T05:00:00,45.9,0.12,9.1,69.2,31.3,Yes
2025-12-02T06:00:00,66.9,0,0,48.7,53.9,No
2025-12-02T07:00:00,55.1,0,3.2,57.7,37.0,No
2025-12-02T08:00:00,49.4,0,9.5,33.8,36.0,No
2025-12-02T09:00:00,59.2,0,6.1,32.5,45.6,No
2025-12-02T10:00:00,48.0,0.21,7.3,93.4,29.2,Yes
2025-12-02T11:00:00,48.8,0.0,6.0,89.8,37.2,No
2025-12-02T12:00:00,64.9,0.06,2.1,33.9,51.9,No
2025-12-02T13:00:00,45.9,0,14.1,75.9,28.2,Yes
2025-12-02T14:00:00,61.2,0,5.6,45.0,48.0,No
2025-12-02T15:00:00,64.0,0,5.3,75.3,46.4,No
2025-12-02T16:00:00,61.3,0,5.6,39.4,51.2,No
2025-12-02T17:00:00,49.3,0,0,76.5,33.0,No
2025-12-02T18:00:00,47.4,0,7.6,78.3,32.1,No
2025-12-02T19:00:00,56.3,0,11.7,72.1,41.2,No
2025-12-02T20:00:00,46.8,0,11.5,89.4,33.5,No
2025-12-02T21:00:00,49.8,0,13.6,63.1,36.1,No
2025-12-02T22:00:00,50.4,0,3.6,87.6,37.5,No
2025-12-02T23:00:00,63.8,0,10.5,93.5,50.6,No
2025-12-03T00:00:00,56.9,0.0,5.3,58.5,40.2,No
2025-12-03T01:00:00,57.8,0,0,63.3,42.9,No
2025-12-03T02:00:00,51.6,0,10.3,66.7,41.2,No
2025-12-03T03:00:00,50.4,0,14.6,70.6,34.7,No
2025-12-03T04:00:00,45.8,0,10.6,87.1,28.4,Yes
2025-12-03T05:00:00,45.4,0,5.6,36.4,29.5,Yes
2025-12-03T06:00:00,50.3,0,9.6,57.7,33.3,No
2025-12-03T07:00:00,63.9,0,9.5,76.7,51.9,No
2025-12-03T08:00:00,53.3,0,12.4,44.9,41.9,No
2025-12-03T09:00:00,42.4,0.06,9.1,42.5,24.8,Yes
2025-12-03T10:00:00,63.5,0,6.9,58.7,48.4,No
2025-12-03T11:00:00,53.3,0.08,8.8,82.3,35.7,No
2025-12-03T12:00:00,42.6,0,5.6,50.3,28.1,Yes
2025-12-03T13:00:00,56.6,0,0,41.7,38.7,No
2025-12-03T14:00:00,42.5,0.12,5.6,68.3,23.8,Yes
2025-12-03T15:00:00,58.7,0.11,5.0,54.5,40.2,No
2025-12-03T16:00:00,56.8,0.05,0,57.3,39.5,No
2025-12-03T17:00:00,53.4,0,11.1,68.2,37.0,No
2025-12-03T18:00:00,63.4,0,5.3,71.9,48.6,No
2025-12-03T19:00:00,40.8,0,5.5,48.8,26.1,Yes
2025-12-03T20:00:00,47.0,0,2.4,73.9,29.9,Yes
2025-12-03T21:00:00,56.1,0,9.8,57.8,40.7,No
2025-12-03T22:00:00,46.0,0,7.8,84.5,35.6,No
2025-12-03T23:00:00,53.9,0,7.2,34.6,43.2,No
2025-12-04T00:00:00,55.0,0,11.3,56.5,43.5,No
2025-12-04T01:00:00,58.0,0,12.2,61.4,47.2,No
2025-12-04T02:00:00,57.6,0,6.1,60.0,43.4,No
2025-12-04T03:00:00,40.7,0,12.0,87.9,29.3,Yes
2025-12-04T04:00:00,60.5,0,3.2,43.5,41.5,No
2025-12-04T05:00:00,57.4,0,8.9,48.2,37.2,No
2025-12-04T06:00:00,45.7,0,4.4,61.3,27.5,Yes
2025-12-04T07:00:00,43.0,0,7.2,94.3,27.2,Yes
2025-12-04T08:00:00,49.1,0,8.1,36.4,35.7,No
2025-12-04T09:00:00,50.7,0,5.1,46.4,32.8,No
2025-12-04T10:00:00,54.1,0,3.8,78.8,36.7,No
2025-12-04T11:00:00,53.6,0.18,4.3,80.8,36.0,No
2025-12-04T12:00:00,42.8,0,8.1,33.0,28.5,Yes
2025-12-04T13:00:00,38.6,0,1.0,63.3,21.7,Yes
2025-12-04T14:00:00,63.3,0.0,11.2,36.2,47.5,No
2025-12-04T15:00:00,39.8,0,12.7,32.0,23.7,Yes
2025-12-04T16:00:00,51.8,0,11.9,69.4,39.9,No
2025-12-04T17:00:00,42.8,0,9.1,49.7,25.4,Yes
2025-12-04T18:00:00,55.6,0,10.0,43.7,40.6,No
2025-12-04T19:00:00,63.1,0.12,8.2,70.8,43.9,No
2025-12-04T20:00:00,62.2,0,1.1,93.8,46.8,No
2025-12-04T21:00:00,57.8,0,7.3,34.6,44.3,No
2025-12-04T22:00:00,49.1,0.05,4.9,43.1,36.1,No
2025-12-04T23:00:00,66.9,0,0.9,47.7,53.0,No
2025-12-05T00:00:00,50.7,0,5.2,43.9,32.5,No
2025-12-05T01:00:00,46.6,0,9.4,31.2,34.9,No
2025-12-05T02:00:00,64.1,0,13.8,78.7,49.8,No
2025-12-05T03:00:00,52.7,0,2.1,34.8,35.9,No
2025-12-05T04:00:00,50.3,0,8.8,57.6,35.1,No
2025-12-05T05:00:00,46.2,0,4.9,30.9,32.2,No
2025-12-05T06:00:00,60.9,0,4.2,58.4,48.1,No
2025-12-05T07:00:00,54.8,0,12.6,64.9,41.7,No
2025-12-05T08:00:00,42.9,0.02,6.7,46.1,27.5,Yes
2025-12-05T09:00:00,56.8,0,8.2,42.5,45.5,No
2025-12-05T10:00:00,67.6,0,6.2,40.7,55.4,No
2025-12-05T11:00:00,63.3,0,2.0,87.9,43.5,No
2025-12-05T12:00:00,53.4,0,2.6,39.9,40.9,No
2025-12-05T13:00:00,48.4,0.04,12.7,40.5,41.1,No
2025-12-05T14:00:00,55.5,0,14.4,93.3,39.7,No
2025-12-05T15:00:00,61.2,0,0,65.8,47.6,No
2025-12-05T16:00:00,54.9,0,11.5,70.8,38.9,No
2025-12-05T17:00:00,56.6,0,12.8,37.0,42.2,No
2025-12-05T18:00:00,56.9,0,13.8,90.1,48.0,No
2025-12-05T19:00:00,45.1,0,7.4,86.6,33.5,No
2025-12-05T20:00:00,60.8,0.12,7.0,63.0,46.7,No
2025-12-05T21:00:00,64.6,0.11,4.8,74.8,46.9,No
2025-12-05T22:00:00,65.1,0,12.2,80.7,47.0,No
2025-12-05T23:00:00,58.7,0,8.0,54.3,43.2,No
2025-12-06T00:00:00,53.7,0.03,10.2,75.7,43.2,No
2025-12-06T01:00:00,54.0,0,15.0,37.3,38.4,No
2025-12-06T02:00:00,58.7,0,9.5,70.9,42.3,No
2025-12-06T03:00:00,55.0,0,14.9,50.6,38.5,No
2025-12-06T04:00:00,63.2,0,6.1,34.1,48.6,No
2025-12-06T05:00:00,53.1,0,7.4,83.6,30.9,Yes
2025-12-06T06:00:00,47.1,0,12.7,65.6,34.7,No
2025-12-06T07:00:00,58.4,0,3.0,65.2,39.3,No
2025-12-06T08:00:00,60.7,0,8.1,76.7,51.3,No
2025-12-06T09:00:00,64.1,0,11.1,47.4,44.9,No
2025-12-06T10:00:00,43.7,0,5.7,68.2,31.7,Yes
2025-12-06T11:00:00,58.0,0.01,14.0,51.1,45.8,No
2025-12-06T12:00:00,44.5,0,3.4,40.7,31.6,Yes
2025-12-06T13:00:00,70.5,0,7.4,75.5,54.7,No
2025-12-06T14:00:00,58.1,0,12.3,52.3,44.0,No
2025-12-06T15:00:00,60.3,0.08,8.2,56.9,48.0,No
2025-12-06T16:00:00,70.6,0,9.6,34.2,55.1,No
2025-12-06T17:00:00,57.5,0,4.5,72.8,46.0,No
2025-12-06T18:00:00,44.4,0,10.6,69.6,30.4,Yes
2025-12-06T19:00:00,59.2,0,7.5,80.8,41.6,No
2025-12-06T20:00:00,54.1,0,9.6,91.7,41.3,No
2025-12-06T21:00:00,52.7,0,7.2,55.6,36.3,No
2025-12-06T22:00:00,48.0,0,8.5,41.6,31.3,Yes
2025-12-06T23:00:00,46.6,0.08,7.8,73.4,31.4,Yes
2025-12-07T00:00:00,63.8,0,11.3,64.3,47.7,No
2025-12-07T01:00:00,60.9,0,0,50.5,46.8,No
2025-12-07T02:00:00,45.5,0,12.0,44.5,30.4,Yes
2025-12-07T03:00:00,56.3,0,1.1,49.4,39.2,No
2025-12-07T04:00:00,48.4,0,7.3,84.4,32.8,No
2025-12-07T05:00:00,54.7,0,2.8,75.1,39.2,No
2025-12-07T06:00:00,60.1,0,2.4,66.9,46.8,No
2025-12-07T07:00:00,59.2,0,4.6,32.2,41.5,No
2025-12-07T08:00:00,52.8,0,2.5,79.6,30.5,Yes
2025-12-07T09:00:00,69.0,0,13.6,69.8,51.5,No
2025-12-07T10:00:00,54.6,0.12,6.7,55.9,38.3,No
2025-12-07T11:00:00,34.4,0,5.9,71.0,16.5,Yes
2025-12-07T12:00:00,57.3,0.05,13.9,50.3,41.3,No
2025-12-07T13:00:00,55.5,0,6.7,36.5,41.1,No
2025-12-07T14:00:00,54.5,0,11.5,47.3,37.2,No
2025-12-07T15:00:00,44.9,0,12.5,30.9,30.3,Yes
2025-12-07T16:00:00,46.6,0,4.8,83.8,30.5,Yes
2025-12-07T17:00:00,55.1,0,12.5,78.0,42.0,No
2025-12-07T18:00:00,43.3,0.18,8.7,54.2,20.5,Yes
2025-12-07T19:00:00,66.3,0,12.0,39.0,53.1,No
2025-12-07T20:00:00,46.1,0,11.4,50.9,34.0,No
2025-12-07T21:00:00,56.9,0,14.0,68.3,44.0,No
2025-12-07T22:00:00,45.8,0,11.3,64.4,29.4,Yes
2025-12-07T23:00:00,60.0,0,12.0,43.6,40.7,No
2025-12-08T00:00:00,56.8,0,12.5,58.6,43.7,No
2025-12-08T01:00:00,46.9,0,14.4,81.3,34.1,No
2025-12-08T02:00:00,59.5,0.11,4.9,51.2,48.5,No
2025-12-08T03:00:00,55.9,0,0,81.7,34.8,No
2025-12-08T04:00:00,51.9,0,8.8,54.7,40.4,No
2025-12-08T05:00:00,57.3,0.11,5.0,54.0,42.3,No
2025-12-08T06:00:00,47.5,0,7.5,76.7,33.1,No
2025-12-08T07:00:00,56.6,0.26,4.3,41.6,38.5,No
2025-12-08T08:00:00,53.8,0,7.5,71.2,42.0,No
2025-12-08T09:00:00,54.4,0,4.8,43.2,39.4,No
2025-12-08T10:00:00,56.1,0,5.9,65.5,44.2,No
2025-12-08T11:00:00,43.7,0,8.6,39.8,28.5,Yes
2025-12-08T12:00:00,64.1,0,9.4,32.6,49.4,No
2025-12-08T13:00:00,51.8,0,13.3,46.8,35.8,No
2025-12-08T14:00:00,51.6,0.05,15.9,46.6,37.9,No
2025-12-08T15:00:00,60.8,0,2.8,49.0,46.8,No
2025-12-08T16:00:00,58.3,0,5.4,38.0,52.0,No
2025-12-08T17:00:00,53.4,0,6.2,62.4,34.6,No
2025-12-08T18:00:00,68.8,0,4.9,58.7,50.7,No
2025-12-08T19:00:00,56.2,0,12.5,88.9,39.1,No
2025-12-08T20:00:00,57.8,0,8.2,71.5,36.0,No
2025-12-08T21:00:00,59.7,0,0,38.6,42.5,No
2025-12-08T22:00:00,61.8,0,2.7,65.1,48.0,No
2025-12-08T23:00:00,48.8,0.17,9.0,62.3,37.5,No
2025-12-09T00:00:00,63.2,0,8.9,92.8,46.2,No
2025-12-09T01:00:00,50.5,0,8.4,32.7,32.1,No
2025-12-09T02:00:00,58.2,0.1,2.5,41.1,41.9,No
2025-12-09T03:00:00,53.9,0,6.3,41.7,35.3,No
2025-12-09T04:00:00,50.8,0,16.1,88.3,37.6,No
2025-12-09T05:00:00,54.8,0,3.9,47.4,39.9,No
2025-12-09T06:00:00,56.0,0.17,4.4,51.3,47.6,No
2025-12-09T07:00:00,57.6,0,8.0,38.8,42.1,No
2025-12-09T08:00:00,51.9,0,5.6,52.8,39.0,No
2025-12-09T09:00:00,59.5,0,5.9,76.5,39.4,No
2025-12-09T10:00:00,49.3,0,16.5,55.0,33.7,No
2025-12-09T11:00:00,51.3,0,5.2,86.9,33.2,No
2025-12-09T12:00:00,70.5,0,4.5,71.2,54.5,No
2025-12-09T13:00:00,54.4,0.01,5.8,66.2,39.4,No
2025-12-09T14:00:00,56.6,0,8.3,70.8,44.3,No
2025-12-09T15:00:00,64.2,0.07,6.6,64.0,45.0,No
2025-12-09T16:00:00,52.0,0,5.4,88.2,35.0,No
2025-12-09T17:00:00,56.9,0,9.8,57.3,37.6,No
2025-12-09T18:00:00,53.1,0,11.1,55.2,36.6,No
2025-12-09T19:00:00,48.2,0,10.2,41.2,30.2,Yes
2025-12-09T20:00:00,61.2,0,6.9,60.3,44.8,No
2025-12-09T21:00:00,61.6,0,6.8,83.2,45.3,No
2025-12-09T22:00:00,42.3,0,6.4,77.1,29.3,Yes
2025-12-09T23:00:00,46.0,0,10.4,44.6,31.5,Yes
2025-12-10T00:00:00,52.0,0,11.9,87.0,35.0,No
2025-12-10T01:00:00,60.8,0.12,6.8,85.4,48.7,No
2025-12-10T02:00:00,60.5,0,8.1,60.1,45.7,No
2025-12-10T03:00:00,44.6,0,8.5,68.8,30.2,Yes
2025-12-10T04:00:00,48.2,0,9.7,94.3,35.6,No
2025-12-10T05:00:00,38.4,0,15.1,57.0,21.9,Yes
2025-12-10T06:00:00,57.9,0,0,77.5,44.8,No
2025-12-10T07:00:00,48.0,0,9.5,87.4,35.2,No
2025-12-10T08:00:00,61.0,0.08,13.4,92.6,43.7,No
2025-12-10T09:00:00,54.5,0,0.5,60.1,40.0,No
2025-12-10T10:00:00,61.4,0,10.0,69.8,43.6,No
2025-12-10T11:00:00,55.8,0,4.5,42.9,45.7,No
2025-12-10T12:00:00,56.9,0,13.4,49.5,43.3,No
2025-12-10T13:00:00,63.8,0.04,5.3,46.7,44.6,No
2025-12-10T14:00:00,77.1,0,8.3,39.1,61.8,No
2025-12-10T15:00:00,58.6,0,8.0,55.4,35.6,No
2025-12-10T16:00:00,64.1,0.24,10.0,88.6,48.5,No
2025-12-10T17:00:00,56.1,0,8.3,52.4,44.6,No
2025-12-10T18:00:00,59.6,0,2.7,67.3,49.2,No
2025-12-10T19:00:00,54.9,0,5.3,40.8,39.7,No
2025-12-10T20:00:00,45.7,0,11.7,40.0,33.5,No
2025-12-10T21:00:00,43.3,0,0.7,48.7,29.8,Yes
2025-12-10T22:00:00,60.4,0,10.0,86.7,48.4,No
2025-12-10T23:00:00,50.4,0,7.8,45.3,33.8,No
2025-12-11T00:00:00,67.7,0,16.8,61.0,52.6,No
2025-12-11T01:00:00,47.9,0,5.0,37.7,32.2,No
2025-12-11T02:00:00,52.3,0,6.1,82.5,36.5,No
2025-12-11T03:00:00,59.0,0,0,32.2,42.7,No
2025-12-11T04:00:00,42.6,0.09,11.6,61.1,30.4,Yes
2025-12-11T05:00:00,64.2,0,11.8,86.8,48.5,No
2025-12-11T06:00:00,59.7,0.27,7.0,40.2,41.8,No
2025-12-11T07:00:00,57.6,0,8.1,46.4,36.9,No
2025-12-11T08:00:00,52.5,0.13,13.5,72.2,38.7,No
2025-12-11T09:00:00,64.3,0,8.4,79.8,49.8,No
2025-12-11T10:00:00,42.5,0,8.1,68.1,26.4,Yes
2025-12-11T11:00:00,55.2,0,11.1,75.6,40.7,No
2025-12-11T12:00:00,48.9,0,11.9,49.3,29.1,Yes
2025-12-11T13:00:00,53.0,0,8.3,86.5,36.3,No
2025-12-11T14:00:00,50.7,0,9.9,79.8,28.3,Yes
2025-12-11T15:00:00,59.2,0,9.4,78.8,45.3,No
2025-12-11T16:00:00,49.5,0,4.3,65.1,39.5,No
2025-12-11T17:00:00,46.4,0,9.9,78.9,36.1,No
2025-12-11T18:00:00,50.8,0,9.0,94.1,39.6,No
2025-12-11T19:00:00,63.6,0,13.0,84.3,49.1,No
2025-12-11T20:00:00,57.8,0,12.8,69.0,40.3,No
2025-12-11T21:00:00,63.2,0,3.8,94.7,48.7,No
2025-12-11T22:00:00,59.4,0,2.1,77.5,48.1,No
2025-12-11T23:00:00,51.6,0.1,10.8,56.5,37.4,No
2025-12-12T00:00:00,54.7,0,8.3,85.3,36.2,No
2025-12-12T01:00:00,45.6,0,2.3,78.5,39.2,No
2025-12-12T02:00:00,61.8,0,11.1,88.0,46.6,No
2025-12-12T03:00:00,52.5,0,4.3,31.5,40.1,No
2025-12-12T04:00:00,35.5,0.07,3.3,58.9,16.0,Yes
2025-12-12T05:00:00,57.1,0,5.2,37.8,44.3,No
2025-12-12T06:00:00,46.4,0,0,83.6,36.6,No
2025-12-12T07:00:00,47.3,0,9.5,44.7,31.9,Yes
2025-12-12T08:00:00,60.9,0,9.9,46.0,47.1,No
2025-12-12T09:00:00,55.1,0,5.3,90.9,37.7,No
2025-12-12T10:00:00,53.9,0,7.5,45.5,37.4,No
2025-12-12T11:00:00,70.6,0,3.1,86.2,57.0,No
2025-12-12T12:00:00,59.6,0,0.4,32.2,44.7,No
2025-12-12T13:00:00,49.3,0,12.6,83.5,32.8,No
2025-12-12T14:00:00,65.2,0,0,30.7,49.5,No
2025-12-12T15:00:00,46.3,0,10.8,58.6,32.8,No
2025-12-12T16:00:00,46.1,0,10.6,91.8,28.7,Yes
2025-12-12T17:00:00,42.9,0,7.0,48.7,31.2,Yes
2025-12-12T18:00:00,58.4,0,3.3,30.4,40.6,No
2025-12-12T19:00:00,65.8,0,13.1,64.7,50.9,No
2025-12-12T20:00:00,58.5,0,9.8,66.1,44.1,No
2025-12-12T21:00:00,45.6,0,12.2,54.0,27.6,Yes
2025-12-12T22:00:00,69.7,0,4.2,44.2,58.3,No
2025-12-12T23:00:00,72.5,0,1.4,93.9,56.2,No
2025-12-13T00:00:00,48.7,0,14.1,70.6,35.9,No
2025-12-13T01:00:00,59.3,0,2.1,73.7,46.8,No
2025-12-13T02:00:00,64.3,0,2.1,89.7,50.0,No
2025-12-13T03:00:00,56.6,0,2.1,37.7,39.5,No
2025-12-13T04:00:00,61.7,0,10.0,62.5,49.4,No
2025-12-13T05:00:00,64.8,0.05,4.8,80.6,50.8,No
2025-12-13T06:00:00,57.7,0,2.3,82.1,40.6,No
2025-12-13T07:00:00,52.4,0,14.0,47.0,42.1,No
2025-12-13T08:00:00,68.1,0,0,75.1,50.5,No
2025-12-13T09:00:00,55.1,0,10.3,78.3,39.1,No
2025-12-13T10:00:00,65.2,0,7.1,76.8,53.7,No
2025-12-13T11:00:00,57.0,0,15.6,49.4,41.5,No
2025-12-13T12:00:00,50.4,0.05,5.8,47.2,34.5,No
2025-12-13T13:00:00,63.5,0.03,9.8,83.4,46.9,No
2025-12-13T14:00:00,64.1,0,7.1,87.8,54.1,No
2025-12-13T15:00:00,54.6,0,6.8,30.8,37.5,No
2025-12-13T16:00:00,51.1,0,12.1,57.9,34.7,No
2025-12-13T17:00:00,59.1,0,9.6,91.1,40.5,No
2025-12-13T18:00:00,54.0,0,7.7,68.1,41.6,No
2025-12-13T19:00:00,56.6,0,6.7,70.2,43.6,No
2025-12-13T20:00:00,44.7,0,3.4,68.8,25.8,Yes
2025-12-13T21:00:00,58.8,0,3.6,62.7,45.6,No
2025-12-13T22:00:00,40.1,0,12.5,33.3,19.5,Yes
2025-12-13T23:00:00,70.9,0,8.6,63.0,60.2,No
2025-12-14T00:00:00,64.8,0,6.8,68.1,45.2,No
2025-12-14T01:00:00,55.6,0,14.2,41.7,38.2,No
2025-12-14T02:00:00,65.4,0,12.6,49.5,48.4,No
2025-12-14T03:00:00,57.9,0,3.0,78.0,40.5,No
2025-12-14T04:00:00,46.6,0.18,1.2,60.8,31.5,Yes
2025-12-14T05:00:00,56.4,0,11.3,86.3,49.1,No
2025-12-14T06:00:00,60.6,0,11.7,90.6,44.6,No
2025-12-14T07:00:00,66.5,0.07,7.0,71.4,47.6,No
2025-12-14T08:00:00,61.0,0,9.9,81.5,46.6,No
2025-12-14T09:00:00,48.5,0,12.6,76.8,29.5,Yes
2025-12-14T10:00:00,51.1,0,9.4,33.8,38.8,No
2025-12-14T11:00:00,65.7,0,0,82.6,53.9,No
2025-12-14T12:00:00,58.4,0.05,7.8,73.9,42.3,No
2025-12-14T13:00:00,59.9,0,13.6,53.2,45.7,No
2025-12-14T14:00:00,67.7,0,10.7,48.2,55.7,No
2025-12-14T15:00:00,63.9,0,2.3,73.0,46.4,No
2025-12-14T16:00:00,58.1,0,5.0,66.6,43.8,No
2025-12-14T17:00:00,43.0,0,15.0,60.9,30.2,Yes
2025-12-14T18:00:00,58.4,0.15,8.9,61.6,40.6,No
2025-12-14T19:00:00,64.0,0.01,10.1,63.9,50.6,No
2025-12-14T20:00:00,45.3,0.12,12.7,69.4,33.4,No
2025-12-14T21:00:00,47.4,0,5.0,91.6,32.8,No
2025-12-14T22:00:00,65.6,0.1,3.6,59.9,49.4,No
2025-12-14T23:00:00,60.0,0.13,5.9,90.1,50.4,No
2025-12-15T00:00:00,45.1,0,6.9,40.6,31.4,Yes
2025-12-15T01:00:00,61.3,0,7.1,57.0,50.0,No
2025-12-15T02:00:00,66.3,0,12.5,59.3,49.4,No
2025-12-15T03:00:00,60.0,0,8.7,52.8,46.7,No
2025-12-15T04:00:00,72.0,0,5.4,65.3,54.4,No
2025-12-15T05:00:00,54.4,0,9.4,93.3,43.1,No
2025-12-15T06:00:00,47.4,0,12.6,48.7,28.4,Yes
2025-12-15T07:00:00,51.6,0,7.7,53.1,39.7,No
2025-12-15T08:00:00,49.9,0,11.0,44.7,38.3,No
2025-12-15T09:00:00,47.1,0,6.0,58.6,30.9,Yes
2025-12-15T10:00:00,62.0,0.0,8.3,81.6,42.5,No
2025-12-15T11:00:00,50.7,0,17.4,89.5,35.3,No
2025-12-15T12:00:00,66.3,0,12.7,60.8,45.5,No
2025-12-15T13:00:00,57.8,0,2.0,43.7,41.6,No
2025-12-15T14:00:00,62.5,0,0.4,92.1,42.4,No
2025-12-15T15:00:00,52.2,0,7.6,84.2,38.7,No
2025-12-15T16:00:00,54.5,0,5.0,74.5,42.0,No
2025-12-15T17:00:00,54.8,0,15.9,78.0,37.2,No
2025-12-15T18:00:00,50.2,0,7.0,34.8,39.3,No
2025-12-15T19:00:00,66.4,0.16,14.7,30.1,51.4,No
2025-12-15T20:00:00,56.7,0,12.4,61.0,40.9,No
2025-12-15T21:00:00,51.2,0,13.6,68.0,35.3,No
2025-12-15T22:00:00,54.0,0,4.5,44.4,45.2,No
2025-12-15T23:00:00,57.1,0,5.8,88.5,42.6,No
2025-12-16T00:00:00,55.6,0.05,7.3,30.6,38.5,No
2025-12-16T01:00:00,51.0,0,0.3,83.4,43.6,No
2025-12-16T02:00:00,50.2,0,9.6,41.5,38.1,No
2025-12-16T03:00:00,41.6,0,12.9,39.6,28.2,Yes
2025-12-16T04:00:00,43.6,0,2.4,55.8,27.7,Yes
2025-12-16T05:00:00,51.2,0,8.5,82.7,31.0,Yes
2025-12-16T06:00:00,48.5,0,9.0,76.1,32.9,No
2025-12-16T07:00:00,58.4,0,7.2,87.8,42.8,No
2025-12-16T08:00:00,63.4,0.02,8.1,35.1,47.3,No
2025-12-16T09:00:00,44.3,0,9.5,63.7,34.4,No
2025-12-16T10:00:00,60.6,0,4.8,41.9,47.1,No
2025-12-16T11:00:00,56.6,0,14.5,93.5,43.5,No
2025-12-16T12:00:00,70.3,0,6.5,70.0,47.6,No
2025-12-16T13:00:00,62.8,0,9.2,72.8,52.0,No
2025-12-16T14:00:00,50.8,0,0,88.2,39.0,No
2025-12-16T15:00:00,59.7,0,6.2,61.8,46.0,No
2025-12-16T16:00:00,58.5,0,10.6,37.9,45.5,No
2025-12-16T17:00:00,63.1,0,14.4,65.2,46.0,No
2025-12-16T18:00:00,46.6,0,7.0,33.6,27.3,Yes
2025-12-16T19:00:00,56.8,0,10.0,74.1,43.3,No
2025-12-16T20:00:00,52.5,0,12.0,47.2,38.7,No
2025-12-16T21:00:00,42.3,0,2.9,61.9,22.7,Yes
2025-12-16T22:00:00,57.2,0,5.3,36.3,39.9,No
2025-12-16T23:00:00,51.5,0.05,6.6,72.2,36.3,No
2025-12-17T00:00:00,43.5,0,13.9,86.5,29.6,Yes
2025-12-17T01:00:00,51.6,0,6.7,40.6,40.2,No
2025-12-17T02:00:00,49.6,0,3.4,70.4,36.5,No
2025-12-17T03:00:00,51.7,0,0,80.5,37.4,No
2025-12-17T04:00:00,51.9,0,8.6,61.1,36.7,No
2025-12-17T05:00:00,51.2,0.02,6.8,78.0,29.4,Yes
2025-12-17T06:00:00,50.2,0,7.5,65.8,37.2,No
2025-12-17T07:00:00,64.2,0,6.8,69.2,52.1,No
2025-12-17T08:00:00,48.0,0,7.3,61.9,31.6,Yes
2025-12-17T09:00:00,40.2,0,12.1,86.2,36.4,No
2025-12-17T10:00:00,46.1,0,9.4,36.0,30.0,Yes
2025-12-17T11:00:00,57.3,0,0.3,32.2,39.5,No
2025-12-17T12:00:00,55.1,0,7.8,46.8,42.9,No
2025-12-17T13:00:00,54.6,0,10.0,46.7,47.3,No
2025-12-17T14:00:00,63.0,0,14.8,53.1,50.1,No
2025-12-17T15:00:00,42.0,0,5.9,35.9,23.4,Yes
2025-12-17T16:00:00,54.7,0,7.8,47.5,43.9,No
2025-12-17T17:00:00,56.6,0.2,17.6,58.4,42.5,No
2025-12-17T18:00:00,56.1,0,5.9,80.6,41.8,No
2025-12-17T19:00:00,52.3,0,10.9,77.8,39.9,No
2025-12-17T20:00:00,41.2,0,6.7,52.3,34.1,No
2025-12-17T21:00:00,58.1,0,5.4,88.4,42.6,No
2025-12-17T22:00:00,62.8,0,5.4,47.4,40.6,No
2025-12-17T23:00:00,41.2,0,13.9,65.4,19.9,Yes
2025-12-18T00:00:00,49.7,0,5.1,72.6,31.1,Yes
2025-12-18T01:00:00,59.6,0,6.4,88.3,45.6,No
2025-12-18T02:00:00,69.5,0,5.3,88.1,54.0,No
2025-12-18T03:00:00,71.6,0,10.8,72.7,61.1,No
2025-12-18T04:00:00,52.4,0,7.9,47.4,40.0,No
2025-12-18T05:00:00,52.9,0.14,10.6,69.3,35.7,No
2025-12-18T06:00:00,58.8,0,9.7,40.2,40.1,No
2025-12-18T07:00:00,58.1,0,10.7,30.9,40.6,No
2025-12-18T08:00:00,58.6,0,6.7,46.0,44.3,No
2025-12-18T09:00:00,53.6,0,3.5,50.5,40.8,No
2025-12-18T10:00:00,51.5,0,9.0,80.4,38.8,No
2025-12-18T11:00:00,47.9,0,4.0,45.9,34.2,No
2025-12-18T12:00:00,51.1,0,6.8,41.0,36.3,No
2025-12-18T13:00:00,48.6,0,11.8,93.2,25.7,Yes
2025-12-18T14:00:00,59.2,0.01,14.5,33.6,40.1,No
2025-12-18T15:00:00,59.7,0,6.4,33.5,48.3,No
2025-12-18T16:00:00,51.4,0,4.3,39.4,39.4,No
2025-12-18T17:00:00,53.0,0,9.2,87.4,36.7,No
2025-12-18T18:00:00,52.2,0,7.6,80.9,32.9,No
2025-12-18T19:00:00,61.3,0,4.6,77.3,47.9,No
2025-12-18T20:00:00,38.8,0,9.7,37.2,17.9,Yes
2025-12-18T21:00:00,64.5,0,3.0,74.7,48.8,No
2025-12-18T22:00:00,71.2,0,8.9,62.6,58.0,No
2025-12-18T23:00:00,59.4,0,4.0,84.7,50.4,No
2025-12-19T00:00:00,51.2,0,5.4,81.4,28.6,Yes
2025-12-19T01:00:00,57.8,0,6.5,91.3,38.6,No
2025-12-19T02:00:00,56.2,0,1.6,33.8,40.7,No
2025-12-19T03:00:00,48.3,0,4.3,60.4,33.7,No
2025-12-19T04:00:00,52.7,0,5.9,89.1,43.4,No
2025-12-19T05:00:00,66.7,0,10.6,61.2,55.4,No
2025-12-19T06:00:00,47.2,0,8.9,44.8,24.4,Yes
2025-12-19T07:00:00,64.3,0,11.0,81.0,45.0,No
2025-12-19T08:00:00,58.6,0,17.1,51.0,46.9,No
2025-12-19T09:00:00,59.5,0,3.5,62.8,41.6,No
2025-12-19T10:00:00,48.5,0,12.0,63.5,30.2,Yes
2025-12-19T11:00:00,48.7,0,10.4,58.3,34.4,No
2025-12-19T12:00:00,44.4,0,10.8,67.3,29.6,Yes
2025-12-19T13:00:00,56.9,0,6.1,68.2,40.3,No
2025-12-19T14:00:00,47.3,0,4.0,38.0,32.9,No
2025-12-19T15:00:00,51.9,0,10.7,82.3,34.2,No
2025-12-19T16:00:00,72.4,0.03,6.5,47.0,59.8,No
2025-12-19T17:00:00,70.5,0,10.5,62.4,49.4,No
2025-12-19T18:00:00,50.9,0,9.6,49.3,34.3,No
2025-12-19T19:00:00,55.7,0,6.5,59.6,44.0,No
2025-12-19T20:00:00,53.7,0,8.6,81.3,39.6,No
2025-12-19T21:00:00,49.5,0,8.5,70.1,35.2,No
2025-12-19T22:00:00,50.0,0.04,15.6,59.6,33.2,No
2025-12-19T23:00:00,63.6,0,6.4,51.5,43.4,No
2025-12-20T00:00:00,46.2,0,5.9,76.6,36.2,No
2025-12-20T01:00:00,55.5,0,15.0,60.8,39.5,No
2025-12-20T02:00:00,51.7,0,14.7,82.5,35.1,No
2025-12-20T03:00:00,58.6,0,11.6,33.1,42.6,No
2025-12-20T04:00:00,51.7,0,0,88.9,44.8,No
2025-12-20T05:00:00,63.9,0.12,4.0,64.5,45.1,No
2025-12-20T06:00:00,44.2,0,3.0,86.1,30.6,Yes
2025-12-20T07:00:00,54.9,0,1.1,45.7,34.8,No
2025-12-20T08:00:00,67.4,0,13.7,80.9,54.9,No
2025-12-20T09:00:00,57.6,0,11.2,81.3,45.4,No
2025-12-20T10:00:00,52.3,0,9.6,44.6,37.9,No
2025-12-20T11:00:00,53.6,0,7.5,41.1,35.7,No
2025-12-20T12:00:00,65.4,0,8.3,78.3,50.0,No
2025-12-20T13:00:00,67.6,0,13.5,61.9,62.1,No
2025-12-20T14:00:00,52.6,0,0,37.6,37.4,No
2025-12-20T15:00:00,49.9,0,9.2,44.7,39.4,No
2025-12-20T16:00:00,68.2,0,8.1,55.3,53.5,No
2025-12-20T17:00:00,46.5,0.03,4.0,67.1,26.4,Yes
2025-12-20T18:00:00,65.3,0,2.0,30.3,54.5,No
2025-12-20T19:00:00,52.1,0,12.1,32.2,37.1,No
2025-12-20T20:00:00,62.5,0,9.4,67.5,50.5,No
2025-12-20T21:00:00,46.7,0,5.3,94.3,32.6,No
2025-12-20T22:00:00,63.8,0,17.6,66.5,47.0,No
2025-12-20T23:00:00,62.2,0,9.3,87.0,50.3,No
2025-12-21T00:00:00,51.7,0,9.2,69.9,42.0,No
2025-12-21T01:00:00,47.9,0,11.4,60.1,35.0,No
2025-12-21T02:00:00,47.7,0,6.9,42.2,35.0,No
2025-12-21T03:00:00,54.0,0,13.7,82.1,32.5,No
2025-12-21T04:00:00,61.0,0.04,11.2,59.2,42.2,No
2025-12-21T05:00:00,70.6,0,6.1,48.5,59.5,No
2025-12-21T06:00:00,57.8,0,13.3,44.8,35.3,No
2025-12-21T07:00:00,42.8,0,9.2,66.9,24.8,Yes
2025-12-21T08:00:00,58.2,0,16.9,52.7,45.0,No
2025-12-21T09:00:00,70.2,0,6.0,43.9,53.7,No
2025-12-21T10:00:00,45.0,0,16.0,44.6,26.7,Yes
2025-12-21T11:00:00,60.2,0,4.2,87.2,47.2,No
2025-12-21T12:00:00,46.4,0,4.0,49.9,34.8,No
2025-12-21T13:00:00,52.9,0,11.6,46.2,34.4,No
2025-12-21T14:00:00,48.0,0.15,7.6,54.5,37.1,No
2025-12-21T15:00:00,42.1,0,9.3,93.5,24.3,Yes
2025-12-21T16:00:00,43.0,0,7.5,74.3,30.2,Yes
2025-12-21T17:00:00,52.2,0,10.4,75.4,33.8,No
2025-12-21T18:00:00,48.9,0.12,5.3,49.9,34.6,No
2025-12-21T19:00:00,58.1,0,6.6,63.1,36.6,No
2025-12-21T20:00:00,55.4,0,8.6,88.7,45.8,No
2025-12-21T21:00:00,66.3,0,12.9,63.6,50.3,No
2025-12-21T22:00:00,64.6,0,1.3,55.0,49.4,No
2025-12-21T23:00:00,49.8,0,8.0,33.0,30.2,Yes
2025-12-22T00:00:00,45.1,0,6.2,54.4,33.0,No
2025-12-22T01:00:00,59.2,0,4.8,32.8,46.6,No
2025-12-22T02:00:00,59.3,0,4.7,33.6,39.8,No
2025-12-22T03:00:00,45.4,0,10.5,58.1,29.7,Yes
2025-12-22T04:00:00,50.0,0,5.7,73.4,38.8,No
2025-12-22T05:00:00,63.2,0,8.6,71.7,49.9,No
2025-12-22T06:00:00,53.0,0,6.3,79.8,38.3,No
2025-12-22T07:00:00,45.5,0,11.3,91.2,32.4,No
2025-12-22T08:00:00,58.0,0,6.3,78.7,44.8,No
2025-12-22T09:00:00,50.9,0,6.5,89.6,31.9,Yes
2025-12-22T10:00:00,55.8,0,4.1,67.5,35.8,No
2025-12-22T11:00:00,51.1,0,1.0,84.6,35.2,No
2025-12-22T12:00:00,59.0,0,9.9,73.8,40.8,No
2025-12-22T13:00:00,47.4,0,5.5,44.8,34.0,No
2025-12-22T14:00:00,59.0,0,7.5,49.2,47.9,No
2025-12-22T15:00:00,58.1,0,11.7,48.6,41.9,No
2025-12-22T16:00:00,66.6,0,11.2,35.0,50.4,No
2025-12-22T17:00:00,63.6,0,6.4,81.8,52.3,No
2025-12-22T18:00:00,53.5,0,1.3,54.3,38.0,No
2025-12-22T19:00:00,58.0,0,6.8,85.6,40.5,No
2025-12-22T20:00:00,45.6,0,6.6,93.8,33.4,No
2025-12-22T21:00:00,57.7,0.07,8.6,90.2,44.1,No
2025-12-22T22:00:00,53.1,0,9.6,38.3,37.6,No
2025-12-22T23:00:00,46.5,0.14,6.2,58.1,35.7,No
2025-12-23T00:00:00,60.2,0,10.4,40.1,48.8,No
2025-12-23T01:00:00,49.9,0,12.5,52.4,31.7,Yes
2025-12-23T02:00:00,58.1,0,15.1,95.0,42.8,No
2025-12-23T03:00:00,64.9,0,10.8,37.5,48.8,No
2025-12-23T04:00:00,69.3,0,6.4,91.7,50.9,No
2025-12-23T05:00:00,55.0,0,10.1,50.1,41.0,No
2025-12-23T06:00:00,47.2,0,4.8,43.6,40.0,No
2025-12-23T07:00:00,60.1,0,13.7,49.8,45.2,No
2025-12-23T08:00:00,62.5,0,7.3,82.5,45.3,No
2025-12-23T09:00:00,59.1,0,5.5,40.2,42.1,No
2025-12-23T10:00:00,61.5,0,7.3,47.5,49.4,No
2025-12-23T11:00:00,59.9,0,10.2,60.3,41.3,No
2025-12-23T12:00:00,67.1,0,4.5,65.9,51.4,No
2025-12-23T13:00:00,44.1,0,3.3,62.8,32.9,No
2025-12-23T14:00:00,59.5,0,10.0,58.5,44.6,No
2025-12-23T15:00:00,51.1,0,3.1,37.9,36.4,No
2025-12-23T16:00:00,57.9,0.02,8.4,53.6,45.6,No
2025-12-23T17:00:00,50.2,0,2.0,39.7,32.2,No
2025-12-23T18:00:00,54.8,0,17.4,39.0,43.2,No
2025-12-23T19:00:00,48.8,0,5.9,71.3,39.2,No
2025-12-23T20:00:00,44.7,0,7.9,93.0,27.1,Yes
2025-12-23T21:00:00,44.8,0,7.7,86.5,32.3,No
2025-12-23T22:00:00,55.6,0,6.1,32.2,37.7,No
2025-12-23T23:00:00,64.1,0,13.6,39.7,45.2,No
2025-12-24T00:00:00,53.3,0,6.6,62.8,36.9,No
2025-12-24T01:00:00,50.4,0,5.4,52.5,39.6,No
2025-12-24T02:00:00,50.4,0,0,79.3,32.7,No
2025-12-24T03:00:00,52.8,0,6.0,43.4,34.2,No
2025-12-24T04:00:00,69.1,0.04,6.6,82.6,61.7,No
2025-12-24T05:00:00,49.5,0,8.9,51.2,38.0,No
2025-12-24T06:00:00,60.1,0,4.8,91.4,46.0,No
2025-12-24T07:00:00,55.0,0,13.3,66.9,44.0,No
2025-12-24T08:00:00,49.1,0,16.0,67.2,37.5,No
2025-12-24T09:00:00,58.7,0,6.3,31.3,43.1,No
2025-12-24T10:00:00,51.7,0,10.1,76.5,36.2,No
2025-12-24T11:00:00,53.1,0,7.0,38.3,38.0,No
2025-12-24T12:00:00,62.3,0,2.1,82.2,48.7,No
2025-12-24T13:00:00,52.1,0,5.9,81.2,33.3,No
2025-12-24T14:00:00,54.3,0,7.4,57.7,44.1,No
2025-12-24T15:00:00,67.2,0,8.8,83.0,56.1,No
2025-12-24T16:00:00,59.5,0,15.5,89.4,48.3,No
2025-12-24T17:00:00,52.0,0,7.4,49.5,37.1,No
2025-12-24T18:00:00,53.8,0,11.5,47.3,35.6,No
2025-12-24T19:00:00,42.5,0,7.1,51.2,27.9,Yes
2025-12-24T20:00:00,63.5,0,7.7,75.0,49.2,No
2025-12-24T21:00:00,49.0,0.08,7.9,47.1,36.7,No
2025-12-24T22:00:00,57.8,0,7.7,54.7,42.7,No
2025-12-24T23:00:00,61.4,0,10.8,67.9,46.4,No
2025-12-25T00:00:00,56.4,0,8.5,80.3,40.1,No
2025-12-25T01:00:00,51.2,0.03,3.9,48.7,34.8,No
2025-12-25T02:00:00,50.8,0.02,9.3,34.2,34.2,No
2025-12-25T03:00:00,59.5,0,8.8,79.9,48.8,No
2025-12-25T04:00:00,60.2,0,7.3,44.6,44.3,No
2025-12-25T05:00:00,47.4,0,11.8,72.3,35.5,No
2025-12-25T06:00:00,39.8,0,9.8,46.9,25.3,Yes
2025-12-25T07:00:00,61.5,0,6.6,51.6,45.7,No
2025-12-25T08:00:00,43.6,0,9.0,60.6,25.4,Yes
2025-12-25T09:00:00,57.1,0,12.1,90.9,46.4,No
2025-12-25T10:00:00,58.7,0,7.5,91.5,43.5,No
2025-12-25T11:00:00,60.5,0,3.0,65.5,45.3,No
2025-12-25T12:00:00,55.9,0,5.1,30.9,34.4,No
2025-12-25T13:00:00,51.9,0,12.5,72.2,35.6,No
2025-12-25T14:00:00,56.8,0.01,15.8,83.5,47.1,No
2025-12-25T15:00:00,59.7,0,9.8,39.3,45.9,No
2025-12-25T16:00:00,43.5,0,7.4,77.8,26.5,Yes
2025-12-25T17:00:00,59.8,0,8.2,68.0,48.8,No
2025-12-25T18:00:00,53.2,0.01,8.5,47.5,40.5,No
2025-12-25T19:00:00,65.8,0,6.2,34.2,52.7,No
2025-12-25T20:00:00,63.8,0.01,1.1,36.6,51.0,No
2025-12-25T21:00:00,55.4,0,3.3,37.1,39.0,No
2025-12-25T22:00:00,50.7,0,3.7,84.8,39.9,No
2025-12-25T23:00:00,55.8,0,7.6,63.3,39.6,No
2025-12-26T00:00:00,53.3,0,4.3,79.5,32.9,No
2025-12-26T01:00:00,48.7,0.07,9.4,31.2,30.9,Yes
2025-12-26T02:00:00,51.2,0,5.3,70.6,38.6,No
2025-12-26T03:00:00,59.5,0.11,12.4,94.3,44.9,No
2025-12-26T04:00:00,52.7,0,8.4,82.0,37.0,No
2025-12-26T05:00:00,54.8,0,7.5,83.5,39.4,No
2025-12-26T06:00:00,46.0,0,6.9,76.1,28.9,Yes
2025-12-26T07:00:00,50.6,0,0,72.1,35.5,No
2025-12-26T08:00:00,55.9,0,8.4,78.0,43.8,No
2025-12-26T09:00:00,46.5,0.03,5.2,39.5,30.1,Yes
2025-12-26T10:00:00,54.6,0,6.5,51.3,38.0,No
2025-12-26T11:00:00,68.3,0,8.7,43.4,60.1,No
2025-12-26T12:00:00,63.7,0,5.1,54.0,52.1,No
2025-12-26T13:00:00,56.5,0,13.0,58.7,36.7,No
2025-12-26T14:00:00,48.0,0,10.6,45.1,36.3,No
2025-12-26T15:00:00,57.5,0,5.9,88.1,38.1,No
2025-12-26T16:00:00,45.8,0,9.8,32.5,26.5,Yes
2025-12-26T17:00:00,53.5,0,15.8,62.5,35.3,No
2025-12-26T18:00:00,42.0,0.04,7.7,68.1,24.1,Yes
2025-12-26T19:00:00,53.9,0,4.5,67.4,40.1,No
2025-12-26T20:00:00,56.8,0,5.9,34.8,42.0,No
2025-12-26T21:00:00,69.5,0,4.5,65.3,55.0,No
2025-12-26T22:00:00,59.7,0,14.4,53.7,42.8,No
2025-12-26T23:00:00,44.7,0,5.8,88.3,26.2,Yes
2025-12-27T00:00:00,67.0,0,2.6,94.2,54.6,No
2025-12-27T01:00:00,51.1,0,14.9,75.1,33.4,No
2025-12-27T02:00:00,56.3,0,21.4,74.0,44.6,No
2025-12-27T03:00:00,62.8,0,6.2,52.7,48.3,No
2025-12-27T04:00:00,52.3,0,8.0,53.4,32.5,No
2025-12-27T05:00:00,57.0,0,5.8,93.0,45.6,No
2025-12-27T06:00:00,49.1,0,1.4,77.1,33.9,No
2025-12-27T07:00:00,57.1,0,7.9,86.3,42.2,No
2025-12-27T08:00:00,51.6,0,3.0,47.2,33.9,No
2025-12-27T09:00:00,58.0,0,4.5,42.7,47.5,No
2025-12-27T10:00:00,59.8,0,10.9,78.3,52.7,No
2025-12-27T11:00:00,54.9,0.02,13.3,92.9,38.7,No
2025-12-27T12:00:00,47.2,0,10.5,72.3,24.9,Yes
2025-12-27T13:00:00,54.7,0,2.7,74.7,39.0,No
2025-12-27T14:00:00,51.6,0.09,4.1,94.0,41.9,No
2025-12-27T15:00:00,59.9,0,9.7,86.6,48.4,No
2025-12-27T16:00:00,65.9,0,12.2,60.5,52.4,No
2025-12-27T17:00:00,48.7,0,11.5,64.9,35.7,No
2025-12-27T18:00:00,54.6,0,7.1,79.0,42.9,No
2025-12-27T19:00:00,62.4,0,8.5,32.6,48.9,No
2025-12-27T20:00:00,54.4,0,4.2,81.5,39.1,No
2025-12-27T21:00:00,66.9,0,11.4,58.3,56.5,No
2025-12-27T22:00:00,55.1,0,11.8,42.8,39.4,No
2025-12-27T23:00:00,44.8,0,9.5,47.5,37.1,No
2025-12-28T00:00:00,70.0,0.22,10.0,91.0,53.1,No
2025-12-28T01:00:00,62.3,0,0.4,74.0,46.6,No
2025-12-28T02:00:00,66.0,0,5.5,31.0,46.4,No
2025-12-28T03:00:00,59.1,0,8.4,75.6,47.4,No
2025-12-28T04:00:00,45.7,0,8.4,30.7,31.9,Yes
2025-12-28T05:00:00,42.9,0,1.1,34.7,26.1,Yes
2025-12-28T06:00:00,53.0,0,3.5,39.8,32.5,No
2025-12-28T07:00:00,64.0,0,10.3,80.2,49.4,No
2025-12-28T08:00:00,63.9,0,13.0,60.8,46.5,No
2025-12-28T09:00:00,57.8,0,9.9,58.5,38.7,No
2025-12-28T10:00:00,43.0,0,2.6,31.7,24.6,Yes
2025-12-28T11:00:00,47.2,0,6.4,78.8,37.9,No
2025-12-28T12:00:00,55.4,0,10.0,52.1,39.9,No
2025-12-28T13:00:00,62.9,0,3.9,36.3,46.5,No
2025-12-28T14:00:00,66.8,0,1.6,72.7,51.1,No
2025-12-28T15:00:00,54.2,0,2.3,31.2,40.7,No
2025-12-28T16:00:00,63.2,0,13.5,72.5,46.3,No
2025-12-28T17:00:00,61.1,0,9.2,82.3,50.1,No
2025-12-28T18:00:00,54.6,0,11.0,42.9,36.8,No
2025-12-28T19:00:00,65.4,0,9.6,87.5,48.1,No
2025-12-28T20:00:00,50.7,0,9.1,36.3,35.9,No
2025-12-28T21:00:00,44.6,0.17,15.9,68.2,32.4,No
2025-12-28T22:00:00,70.3,0,10.4,32.1,50.1,No
2025-12-28T23:00:00,58.6,0,0,73.9,42.2,No
2025-12-29T00:00:00,64.5,0,8.8,61.1,51.7,No
2025-12-29T01:00:00,50.4,0,5.0,64.8,39.2,No
2025-12-29T02:00:00,52.3,0.05,6.6,32.8,31.6,Yes
2025-12-29T03:00:00,56.0,0,6.8,35.9,31.7,Yes
2025-12-29T04:00:00,58.8,0,6.3,83.5,39.1,No
2025-12-29T05:00:00,45.5,0,14.0,37.8,28.1,Yes
2025-12-29T06:00:00,54.6,0,6.2,63.9,38.8,No
2025-12-29T07:00:00,58.2,0,8.4,53.9,49.2,No
2025-12-29T08:00:00,47.2,0.06,6.4,42.3,34.7,No
2025-12-29T09:00:00,54.3,0,3.7,92.3,37.1,No
2025-12-29T10:00:00,51.6,0,0,69.4,38.2,No
2025-12-29T11:00:00,63.7,0,5.2,75.2,44.8,No
2025-12-29T12:00:00,52.9,0,12.7,58.2,33.9,No
2025-12-29T13:00:00,58.9,0,7.6,86.0,40.1,No
2025-12-29T14:00:00,53.6,0,8.5,33.3,40.8,No
2025-12-29T15:00:00,48.3,0,3.6,71.8,34.0,No
2025-12-29T16:00:00,58.1,0,2.1,77.7,41.3,No
2025-12-29T17:00:00,51.5,0,15.6,80.3,33.6,No
2025-12-29T18:00:00,44.9,0,6.1,75.8,24.9,Yes
2025-12-29T19:00:00,56.2,0,9.7,60.6,45.5,No
2025-12-29T20:00:00,41.6,0,12.2,88.7,29.8,Yes
2025-12-29T21:00:00,49.0,0.05,7.0,46.6,34.3,No
2025-12-29T22:00:00,65.0,0,0.8,35.7,50.4,No
2025-12-29T23:00:00,57.6,0,10.8,74.5,38.7,No
2025-12-30T00:00:00,54.8,0,9.9,59.7,44.1,No
2025-12-30T01:00:00,57.1,0,8.0,67.2,45.7,No
2025-12-30T02:00:00,45.0,0,9.6,80.1,32.7,No
2025-12-30T03:00:00,58.5,0,11.5,90.9,43.2,No
2025-12-30T04:00:00,50.7,0,2.4,45.4,38.6,No
2025-12-30T05:00:00,37.8,0,5.0,60.7,19.8,Yes
2025-12-30T06:00:00,45.6,0.19,3.7,33.6,33.2,No
2025-12-30T07:00:00,44.2,0,5.7,51.3,25.1,Yes
2025-12-30T08:00:00,62.9,0,9.2,69.3,51.7,No
2025-12-30T09:00:00,54.6,0,6.6,34.6,42.5,No
2025-12-30T10:00:00,59.5,0,0,83.8,47.8,No
2025-12-30T11:00:00,58.4,0,15.1,42.8,40.0,No
2025-12-30T12:00:00,39.4,0,16.3,59.8,22.2,Yes
2025-12-30T13:00:00,54.7,0,15.0,82.2,41.1,No
2025-12-30T14:00:00,46.1,0,13.1,74.6,34.4,No
2025-12-30T15:00:00,58.5,0,8.0,76.5,48.2,No
2025-12-30T16:00:00,48.2,0.03,12.0,82.9,30.4,Yes
2025-12-30T17:00:00,65.8,0,6.1,31.9,56.2,No
2025-12-30T18:00:00,57.9,0.14,13.1,42.4,44.2,No
2025-12-30T19:00:00,57.0,0,10.8,89.4,43.1,No
2025-12-30T20:00:00,37.5,0,3.0,44.7,18.6,Yes
2025-12-30T21:00:00,63.0,0,14.6,32.0,46.0,No
2025-12-30T22:00:00,56.6,0,7.6,71.1,46.6,No
2025-12-30T23:00:00,67.9,0,6.8,91.6,52.2,No
2025-12-31T00:00:00,45.3,0,1.9,81.6,33.1,No
2025-12-31T01:00:00,56.5,0,5.4,80.1,44.8,No
2025-12-31T02:00:00,68.2,0.02,9.5,32.1,52.8,No
2025-12-31T03:00:00,65.2,0,0,42.0,54.5,No
2025-12-31T04:00:00,52.0,0,5.8,57.8,41.2,No
2025-12-31T05:00:00,52.9,0.05,5.8,54.5,40.5,No
2025-12-31T06:00:00,55.1,0,13.8,76.4,36.7,No
2025-12-31T07:00:00,48.4,0,7.8,66.3,35.1,No
2025-12-31T08:00:00,52.2,0,8.5,85.8,34.9,No
2025-12-31T09:00:00,52.2,0,11.1,80.9,37.5,No
2025-12-31T10:00:00,55.0,0,5.2,83.8,37.2,No
2025-12-31T11:00:00,50.1,0,13.1,86.3,31.9,Yes
2025-12-31T12:00:00,47.4,0,17.3,80.1,32.7,No
2025-12-31T13:00:00,49.7,0,4.8,78.5,31.2,Yes
2025-12-31T14:00:00,67.5,0,9.1,37.2,50.4,No
2025-12-31T15:00:00,51.2,0,3.5,69.3,38.4,No
2025-12-31T16:00:00,52.1,0,8.3,82.9,43.5,No
2025-12-31T17:00:00,52.4,0,9.7,36.4,44.0,No
2025-12-31T18:00:00,59.8,0,9.7,94.3,41.3,No
2025-12-31T19:00:00,64.6,0,3.3,35.2,57.0,No
2025-12-31T20:00:00,64.4,0,7.4,59.0,53.2,No
2025-12-31T21:00:00,44.7,0,5.8,81.5,25.6,Yes
2025-12-31T22:00:00,51.0,0,8.2,84.0,41.0,No
2025-12-31T23:00:00,68.2,0.11,12.3,72.4,55.3,No
2026-01-01T00:00:00,44.5,0,13.6,91.8,30.2,Yes
2026-01-01T01:00:00,63.4,0,4.3,33.1,44.9,No
2026-01-01T02:00:00,51.8,0,7.3,68.9,34.7,No
2026-01-01T03:00:00,61.9,0,8.9,61.5,46.8,No
2026-01-01T04:00:00,63.4,0,4.3,32.1,47.2,No
2026-01-01T05:00:00,44.1,0,5.9,56.7,30.9,Yes
2026-01-01T06:00:00,60.8,0,4.0,86.8,48.7,No
2026-01-01T07:00:00,59.6,0,7.9,37.8,41.0,No
2026-01-01T08:00:00,53.2,0,6.4,39.2,39.1,No
2026-01-01T09:00:00,58.4,0,7.8,30.5,44.1,No
2026-01-01T10:00:00,55.7,0,9.8,64.3,42.6,No
2026-01-01T11:00:00,45.0,0,9.5,56.1,32.0,No
2026-01-01T12:00:00,68.1,0,0,68.2,50.8,No
2026-01-01T13:00:00,65.7,0,7.6,52.5,53.7,No
2026-01-01T14:00:00,54.1,0,11.7,44.1,41.1,No
2026-01-01T15:00:00,55.1,0,2.2,83.8,43.4,No
2026-01-01T16:00:00,63.2,0,12.2,32.7,49.3,No
2026-01-01T17:00:00,61.5,0,9.3,91.0,46.3,No
2026-01-01T18:00:00,66.7,0.09,12.1,62.3,55.0,No
2026-01-01T19:00:00,60.5,0,5.0,65.3,38.6,No
2026-01-01T20:00:00,50.5,0,5.9,44.2,37.1,No
2026-01-01T21:00:00,50.2,0,11.5,57.3,37.5,No
2026-01-01T22:00:00,49.4,0,8.2,79.7,33.6,No
2026-01-01T23:00:00,52.5,0,0.2,38.7,30.7,Yes
2026-01-02T00:00:00,41.7,0,6.0,94.2,31.2,Yes
2026-01-02T01:00:00,50.5,0,2.7,48.1,38.7,No
2026-01-02T02:00:00,61.9,0.05,6.4,75.1,48.7,No
2026-01-02T03:00:00,60.0,0,4.6,45.3,41.6,No
2026-01-02T04:00:00,38.8,0.02,1.9,45.9,21.6,Yes
2026-01-02T05:00:00,52.9,0,3.3,92.0,36.2,No
2026-01-02T06:00:00,46.2,0.03,12.0,44.7,31.8,Yes
2026-01-02T07:00:00,55.8,0,15.6,88.3,40.5,No
2026-01-02T08:00:00,54.9,0,9.6,46.1,40.1,No
2026-01-02T09:00:00,46.0,0,11.0,59.5,24.8,Yes
2026-01-02T10:00:00,63.4,0,1.1,73.8,52.0,No
2026-01-02T11:00:00,58.7,0,5.2,67.0,44.9,No
2026-01-02T12:00:00,56.9,0,17.8,70.0,37.9,No
2026-01-02T13:00:00,57.1,0,7.7,35.4,43.9,No
2026-01-02T14:00:00,62.8,0,5.0,57.2,42.2,No
2026-01-02T15:00:00,56.7,0,2.6,74.0,43.1,No
2026-01-02T16:00:00,58.8,0,8.7,90.1,44.8,No
2026-01-02T17:00:00,47.8,0,3.6,69.8,29.9,Yes
2026-01-02T18:00:00,65.7,0,9.3,71.5,53.6,No
2026-01-02T19:00:00,54.8,0,0,79.1,43.1,No
2026-01-02T20:00:00,56.4,0,3.9,71.8,42.6,No
2026-01-02T21:00:00,66.5,0.02,5.6,54.7,51.5,No
2026-01-02T22:00:00,45.1,0,10.8,63.1,27.3,Yes
2026-01-02T23:00:00,68.7,0.02,14.4,48.3,51.7,No
2026-01-03T00:00:00,47.5,0,13.7,37.1,30.5,Yes
2026-01-03T01:00:00,59.1,0.01,8.2,52.7,40.7,No
2026-01-03T02:00:00,46.5,0,16.7,58.8,31.4,Yes
2026-01-03T03:00:00,62.7,0,4.4,79.7,43.9,No
2026-01-03T04:00:00,53.1,0,10.8,64.3,35.6,No
2026-01-03T05:00:00,57.6,0,11.1,55.3,47.1,No
2026-01-03T06:00:00,55.6,0,7.2,47.9,43.8,No
2026-01-03T07:00:00,66.8,0.06,6.1,89.6,55.1,No
2026-01-03T08:00:00,53.4,0,9.6,48.8,35.8,No
2026-01-03T09:00:00,47.5,0,10.8,75.3,34.0,No
2026-01-03T10:00:00,53.7,0,2.6,32.8,33.8,No
2026-01-03T11:00:00,48.9,0,7.7,73.3,35.4,No
2026-01-03T12:00:00,50.4,0,1.5,94.4,32.9,No
2026-01-03T13:00:00,53.0,0.09,9.2,69.6,37.4,No
2026-01-03T14:00:00,57.4,0,6.2,37.1,44.2,No
2026-01-03T15:00:00,51.4,0,10.4,57.9,35.0,No
2026-01-03T16:00:00,50.5,0,10.4,43.7,31.9,Yes
2026-01-03T17:00:00,67.9,0.18,10.2,74.4,50.8,No
2026-01-03T18:00:00,51.7,0.14,15.4,80.9,38.7,No
2026-01-03T19:00:00,51.2,0.07,6.9,44.9,29.4,Yes
2026-01-03T20:00:00,60.0,0.05,0.7,54.6,46.1,No
2026-01-03T21:00:00,75.1,0,10.6,92.7,60.3,No
2026-01-03T22:00:00,48.9,0,7.7,73.9,32.6,No
2026-01-03T23:00:00,44.5,0,2.5,30.5,29.3,Yes
2026-01-04T00:00:00,55.3,0,2.8,70.1,43.2,No
2026-01-04T01:00:00,52.6,0,10.5,43.4,42.3,No
2026-01-04T02:00:00,49.6,0.08,1.0,57.0,36.5,No
2026-01-04T03:00:00,57.0,0.13,12.5,73.0,36.7,No
2026-01-04T04:00:00,53.4,0,13.1,52.4,33.4,No
2026-01-04T05:00:00,43.9,0.04,3.9,60.1,30.8,Yes
2026-01-04T06:00:00,55.6,0,8.0,46.9,38.9,No
2026-01-04T07:00:00,51.6,0,6.9,56.2,36.5,No
2026-01-04T08:00:00,71.8,0,8.4,89.1,54.3,No
2026-01-04T09:00:00,41.4,0,6.9,83.5,24.5,Yes
2026-01-04T10:00:00,64.8,0,6.5,62.9,49.9,No
2026-01-04T11:00:00,53.1,0,14.1,54.2,37.2,No
2026-01-04T12:00:00,69.3,0,11.7,39.2,57.9,No
2026-01-04T13:00:00,60.3,0,12.2,78.3,44.6,No
2026-01-04T14:00:00,47.7,0.09,7.0,41.8,34.5,No
2026-01-04T15:00:00,53.3,0.08,2.5,39.6,37.1,No
2026-01-04T16:00:00,60.7,0,11.5,86.7,49.3,No
2026-01-04T17:00:00,68.3,0,0,84.2,55.4,No
2026-01-04T18:00:00,50.7,0,13.6,92.7,35.3,No
2026-01-04T19:00:00,42.5,0,14.4,51.0,25.5,Yes
2026-01-04T20:00:00,49.5,0.1,11.7,49.6,30.0,Yes
2026-01-04T21:00:00,49.2,0,10.7,58.4,36.5,No
2026-01-04T22:00:00,64.7,0.21,14.8,50.4,51.5,No
2026-01-04T23:00:00,56.5,0,12.3,50.0,39.9,No
2026-01-05T00:00:00,52.9,0,7.8,89.9,43.3,No
2026-01-05T01:00:00,57.6,0,13.3,38.9,43.3,No
2026-01-05T02:00:00,54.9,0,11.5,56.6,41.5,No
2026-01-05T03:00:00,48.9,0,5.6,46.2,30.8,Yes
2026-01-05T04:00:00,51.8,0,8.1,91.8,45.2,No
2026-01-05T05:00:00,50.7,0,8.3,91.9,36.5,No
2026-01-05T06:00:00,51.2,0,9.2,65.0,43.1,No
2026-01-05T07:00:00,58.7,0.19,3.8,33.5,50.4,No
2026-01-05T08:00:00,59.2,0,13.0,67.3,45.7,No
2026-01-05T09:00:00,60.5,0.06,7.4,77.0,46.7,No
2026-01-05T10:00:00,60.0,0,7.3,50.2,51.6,No
2026-01-05T11:00:00,58.4,0,12.5,84.2,46.2,No
2026-01-05T12:00:00,50.7,0,8.7,38.3,33.3,No
2026-01-05T13:00:00,56.8,0,8.8,75.6,42.6,No
2026-01-05T14:00:00,70.1,0,2.0,93.7,55.8,No
2026-01-05T15:00:00,64.0,0,3.8,92.3,51.6,No
2026-01-05T16:00:00,61.0,0,11.6,90.9,47.3,No
2026-01-05T17:00:00,58.3,0,9.9,53.3,45.9,No
2026-01-05T18:00:00,51.6,0,7.1,61.8,36.8,No
2026-01-05T19:00:00,58.4,0,1.3,45.0,45.3,No
2026-01-05T20:00:00,45.8,0.01,12.7,73.6,29.1,Yes
2026-01-05T21:00:00,57.2,0,5.7,64.3,46.7,No
2026-01-05T22:00:00,50.0,0,6.5,90.8,30.4,Yes
2026-01-05T23:00:00,35.4,0.08,1.0,73.4,19.9,Yes
2026-01-06T00:00:00,54.3,0.03,7.6,58.0,43.6,No
2026-01-06T01:00:00,59.9,0,5.8,87.1,40.2,No
2026-01-06T02:00:00,48.9,0,11.6,55.6,37.0,No
2026-01-06T03:00:00,46.6,0,7.0,39.5,26.5,Yes
2026-01-06T04:00:00,52.1,0,11.0,94.5,45.3,No
2026-01-06T05:00:00,66.2,0,4.8,34.4,56.5,No
2026-01-06T06:00:00,50.5,0,9.3,58.4,34.7,No
2026-01-06T07:00:00,47.7,0,12.4,89.0,31.9,Yes
2026-01-06T08:00:00,57.0,0,13.1,64.2,44.5,No
2026-01-06T09:00:00,44.4,0,12.5,57.3,34.7,No
2026-01-06T10:00:00,35.5,0,6.5,36.2,18.9,Yes
2026-01-06T11:00:00,50.9,0,15.8,44.1,37.5,No
2026-01-06T12:00:00,46.6,0,10.5,56.1,35.3,No
2026-01-06T13:00:00,52.4,0,7.7,36.0,36.9,No
2026-01-06T14:00:00,69.4,0,11.5,33.7,56.0,No
2026-01-06T15:00:00,58.1,0,7.2,93.3,40.2,No
2026-01-06T16:00:00,63.5,0,11.4,75.5,47.9,No
2026-01-06T17:00:00,56.8,0,6.3,40.1,44.8,No
2026-01-06T18:00:00,44.5,0,11.6,91.8,26.2,Yes
2026-01-06T19:00:00,58.4,0,6.6,72.6,44.3,No
2026-01-06T20:00:00,60.9,0,3.9,44.2,44.7,No
2026-01-06T21:00:00,56.0,0.08,0,54.0,40.5,No
2026-01-06T22:00:00,53.4,0,18.1,33.7,38.6,No
2026-01-06T23:00:00,51.6,0,2.2,51.0,39.6,No
2026-01-07T00:00:00,57.1,0,4.6,94.6,43.3,No
2026-01-07T01:00:00,63.0,0,7.1,32.8,49.1,No
2026-01-07T02:00:00,49.0,0,2.4,84.7,36.8,No
2026-01-07T03:00:00,53.3,0,6.8,44.1,40.6,No
2026-01-07T04:00:00,56.8,0,9.4,49.8,42.6,No
2026-01-07T05:00:00,45.8,0.01,8.7,36.9,31.3,Yes
2026-01-07T06:00:00,66.0,0.2,9.6,78.8,46.4,No
2026-01-07T07:00:00,55.3,0,7.4,48.4,38.3,No
2026-01-07T08:00:00,66.4,0.04,7.2,64.2,55.3,No
2026-01-07T09:00:00,57.1,0,9.5,85.6,42.6,No
2026-01-07T10:00:00,59.5,0.2,3.6,86.1,46.4,No
2026-01-07T11:00:00,62.4,0,9.7,40.3,49.9,No
2026-01-07T12:00:00,57.5,0,6.9,65.5,46.8,No
2026-01-07T13:00:00,51.1,0.06,7.5,64.9,37.3,No
2026-01-07T14:00:00,44.2,0,11.9,64.6,27.2,Yes
2026-01-07T15:00:00,57.4,0,9.0,51.6,45.1,No
2026-01-07T16:00:00,53.8,0.05,4.8,44.7,35.8,No
2026-01-07T17:00:00,61.4,0,6.7,46.4,46.4,No
2026-01-07T18:00:00,61.0,0,7.6,78.1,44.1,No
2026-01-07T19:00:00,59.0,0,2.9,35.9,43.8,No
2026-01-07T20:00:00,46.9,0,1.5,31.5,29.2,Yes
2026-01-07T21:00:00,37.0,0,10.4,37.6,22.6,Yes
2026-01-07T22:00:00,53.9,0,4.5,74.9,36.8,No
2026-01-07T23:00:00,44.8,0.14,3.7,92.2,29.5,Yes
2026-01-08T00:00:00,41.9,0,9.9,77.4,22.7,Yes
2026-01-08T01:00:00,52.2,0.06,13.2,69.2,39.2,No
2026-01-08T02:00:00,47.8,0,7.0,39.7,34.4,No
2026-01-08T03:00:00,58.7,0,8.7,93.1,42.9,No
2026-01-08T04:00:00,66.7,0,9.7,49.9,51.0,No
2026-01-08T05:00:00,50.7,0,0,72.5,34.8,No
2026-01-08T06:00:00,57.1,0.15,11.1,39.5,41.3,No
2026-01-08T07:00:00,60.7,0,7.3,58.5,48.1,No
2026-01-08T08:00:00,50.4,0,7.5,44.4,42.5,No
2026-01-08T09:00:00,54.5,0,1.9,59.8,42.7,No
2026-01-08T10:00:00,60.1,0,12.2,91.6,52.7,No
2026-01-08T11:00:00,45.5,0,3.0,46.9,29.8,Yes
2026-01-08T12:00:00,52.2,0.05,1.3,71.0,36.0,No
2026-01-08T13:00:00,55.0,0,3.5,74.2,40.4,No
2026-01-08T14:00:00,52.0,0,8.9,57.4,36.4,No
2026-01-08T15:00:00,59.3,0.11,9.6,55.5,47.6,No
2026-01-08T16:00:00,68.5,0,8.8,46.8,53.5,No
2026-01-08T17:00:00,55.6,0.01,0.8,91.6,39.9,No
2026-01-08T18:00:00,52.7,0.06,8.5,53.7,34.5,No
2026-01-08T19:00:00,52.0,0.02,11.2,95.0,40.2,No
2026-01-08T20:00:00,53.7,0,11.8,39.5,37.4,No
2026-01-08T21:00:00,56.7,0,17.6,80.6,44.9,No
2026-01-08T22:00:00,57.7,0,9.8,71.6,42.4,No
2026-01-08T23:00:00,52.4,0,10.1,48.4,35.4,No
2026-01-09T00:00:00,60.1,0.18,13.9,31.3,42.4,No
2026-01-09T01:00:00,62.5,0,11.4,42.4,42.9,No
2026-01-09T02:00:00,62.5,0,4.9,69.5,47.0,No
2026-01-09T03:00:00,66.6,0,12.9,63.9,51.2,No
2026-01-09T04:00:00,65.9,0,8.2,85.3,44.8,No
2026-01-09T05:00:00,48.0,0,8.8,91.3,34.0,No
2026-01-09T06:00:00,43.8,0.01,3.4,78.7,28.9,Yes
2026-01-09T07:00:00,46.3,0,5.9,66.3,34.9,No
2026-01-09T08:00:00,51.8,0,9.0,33.4,35.2,No
2026-01-09T09:00:00,52.9,0,4.7,37.0,41.7,No
2026-01-09T10:00:00,55.6,0,7.7,61.1,39.6,No
2026-01-09T11:00:00,64.8,0,6.4,60.9,46.8,No
2026-01-09T12:00:00,54.2,0,12.0,30.3,37.3,No
2026-01-09T13:00:00,52.5,0,1.8,33.4,36.1,No
2026-01-09T14:00:00,61.2,0,3.8,43.7,41.7,No
2026-01-09T15:00:00,56.0,0,8.2,75.8,40.7,No
2026-01-09T16:00:00,63.8,0,6.7,83.2,50.5,No
2026-01-09T17:00:00,53.8,0,7.8,53.7,34.4,No
2026-01-09T18:00:00,63.2,0,7.5,62.1,51.0,No
2026-01-09T19:00:00,62.8,0,12.4,60.1,45.4,No
2026-01-09T20:00:00,42.6,0,14.1,71.7,27.9,Yes
2026-01-09T21:00:00,67.7,0,3.7,64.4,54.6,No
2026-01-09T22:00:00,58.7,0,8.8,94.3,42.4,No
2026-01-09T23:00:00,54.0,0,13.5,42.9,38.4,No
2026-01-10T00:00:00,63.4,0.01,15.2,79.9,52.6,No
2026-01-10T01:00:00,74.4,0,13.5,69.3,61.1,No
2026-01-10T02:00:00,37.7,0,6.8,37.1,25.4,Yes
2026-01-10T03:00:00,46.4,0.03,6.4,81.7,37.6,No
2026-01-10T04:00:00,51.3,0,5.5,37.1,34.7,No
2026-01-10T05:00:00,47.1,0,11.9,47.6,32.4,No
2026-01-10T06:00:00,46.1,0.06,10.7,61.8,33.4,No
2026-01-10T07:00:00,49.8,0,6.7,37.6,38.7,No
2026-01-10T08:00:00,56.6,0.01,6.0,77.2,44.2,No
2026-01-10T09:00:00,50.3,0,11.7,75.7,28.1,Yes
2026-01-10T10:00:00,48.7,0,13.0,45.9,35.1,No
2026-01-10T11:00:00,56.5,0,5.2,75.5,45.7,No
2026-01-10T12:00:00,48.5,0,6.7,44.8,35.5,No
2026-01-10T13:00:00,46.6,0,6.7,33.8,24.6,Yes
2026-01-10T14:00:00,58.8,0.15,7.0,79.3,42.8,No
2026-01-10T15:00:00,69.1,0,10.7,76.2,55.6,No
2026-01-10T16:00:00,58.4,0,6.8,62.3,41.3,No
2026-01-10T17:00:00,45.1,0,5.0,32.0,28.1,Yes
2026-01-10T18:00:00,53.5,0,6.0,71.9,42.8,No
2026-01-10T19:00:00,60.0,0,6.1,82.0,44.3,No
2026-01-10T20:00:00,45.4,0,10.9,59.2,35.7,No
2026-01-10T21:00:00,37.3,0,8.0,51.8,26.2,Yes
2026-01-10T22:00:00,56.1,0,14.2,94.7,39.7,No
2026-01-10T23:00:00,55.2,0,11.7,83.1,40.8,No
2026-01-11T00:00:00,62.5,0,9.7,72.0,48.2,No
2026-01-11T01:00:00,45.7,0,2.9,38.6,30.0,Yes
2026-01-11T02:00:00,62.2,0,0,94.8,49.4,No
2026-01-11T03:00:00,51.0,0,3.6,85.6,29.5,Yes
2026-01-11T04:00:00,56.1,0.02,12.3,84.1,38.5,No
2026-01-11T05:00:00,43.2,0,4.3,83.9,28.2,Yes
2026-01-11T06:00:00,64.5,0,9.1,38.3,47.2,No
2026-01-11T07:00:00,44.1,0,9.5,52.1,28.2,Yes
2026-01-11T08:00:00,60.7,0,9.0,40.3,45.7,No
2026-01-11T09:00:00,48.4,0,9.2,78.8,35.4,No
2026-01-11T10:00:00,60.1,0,8.7,65.9,45.7,No
2026-01-11T11:00:00,42.1,0,13.5,81.9,22.8,Yes
2026-01-11T12:00:00,57.0,0.03,9.7,63.2,40.9,No
2026-01-11T13:00:00,47.7,0,11.7,82.3,23.3,Yes
2026-01-11T14:00:00,60.9,0,7.3,40.4,48.1,No
2026-01-11T15:00:00,51.1,0,8.2,84.7,39.7,No
2026-01-11T16:00:00,53.2,0,9.8,78.5,38.5,No
2026-01-11T17:00:00,60.1,0,5.7,30.2,47.2,No
2026-01-11T18:00:00,60.9,0,8.0,57.7,43.5,No
2026-01-11T19:00:00,47.1,0,10.6,41.6,33.4,No
2026-01-11T20:00:00,58.9,0,0,66.4,47.9,No
2026-01-11T21:00:00,54.4,0,7.5,70.4,40.2,No
2026-01-11T22:00:00,45.6,0,3.4,53.7,33.6,No
2026-01-11T23:00:00,61.3,0,7.1,64.5,46.3,No
2026-01-12T00:00:00,58.9,0,6.6,72.3,44.2,No
2026-01-12T01:00:00,57.0,0,10.3,58.1,38.5,No
2026-01-12T02:00:00,78.4,0,14.9,82.6,64.2,No
2026-01-12T03:00:00,57.6,0,0,41.5,41.1,No
2026-01-12T04:00:00,64.0,0,4.0,73.0,51.9,No
2026-01-12T05:00:00,45.1,0,0,76.9,29.3,Yes
2026-01-12T06:00:00,57.6,0,2.7,34.7,41.5,No
2026-01-12T07:00:00,66.6,0,6.6,33.7,49.8,No
2026-01-12T08:00:00,43.0,0,7.2,95.0,29.9,Yes
2026-01-12T09:00:00,49.3,0,8.0,68.8,36.3,No
2026-01-12T10:00:00,48.9,0,7.4,31.2,36.8,No
2026-01-12T11:00:00,65.1,0,4.3,93.3,53.3,No
2026-01-12T12:00:00,58.3,0,8.5,81.3,37.8,No
2026-01-12T13:00:00,51.9,0,9.9,31.8,40.3,No
2026-01-12T14:00:00,46.5,0,10.3,58.2,30.7,Yes
2026-01-12T15:00:00,56.8,0.01,1.6,51.4,42.4,No
2026-01-12T16:00:00,53.9,0.02,5.3,40.3,43.8,No
2026-01-12T17:00:00,60.3,0,8.0,51.9,46.7,No
2026-01-12T18:00:00,48.3,0,11.0,48.8,36.3,No
2026-01-12T19:00:00,48.5,0,12.1,78.3,39.5,No
2026-01-12T20:00:00,49.0,0,3.3,46.2,33.0,No
2026-01-12T21:00:00,43.8,0.01,10.5,59.9,27.3,Yes
2026-01-12T22:00:00,62.7,0,9.7,68.1,49.7,No
2026-01-12T23:00:00,63.9,0,7.7,58.7,55.2,No
2026-01-13T00:00:00,54.6,0.07,6.6,80.0,42.1,No
2026-01-13T01:00:00,46.0,0,7.0,79.3,34.8,No
2026-01-13T02:00:00,54.7,0.01,6.9,86.3,38.8,No
2026-01-13T03:00:00,58.8,0,5.3,39.0,45.8,No
2026-01-13T04:00:00,59.5,0,11.3,69.0,45.3,No
2026-01-13T05:00:00,58.0,0,5.9,87.8,41.9,No
2026-01-13T06:00:00,45.5,0,5.2,67.4,26.2,Yes
2026-01-13T07:00:00,51.8,0.11,8.9,51.9,36.3,No
2026-01-13T08:00:00,44.6,0,9.6,56.6,21.0,Yes
2026-01-13T09:00:00,52.4,0,7.0,68.6,40.0,No
2026-01-13T10:00:00,70.6,0,18.9,39.3,53.0,No
2026-01-13T11:00:00,62.4,0.06,10.5,72.1,47.0,No
2026-01-13T12:00:00,41.1,0,0.8,52.5,27.9,Yes
2026-01-13T13:00:00,50.3,0.01,8.4,45.0,37.7,No
2026-01-13T14:00:00,49.2,0,9.0,33.1,33.1,No
2026-01-13T15:00:00,58.9,0.12,7.9,42.0,44.9,No
2026-01-13T16:00:00,54.7,0,4.1,48.7,40.2,No
2026-01-13T17:00:00,56.4,0,8.5,45.2,41.4,No
2026-01-13T18:00:00,50.8,0,10.1,88.1,40.6,No
2026-01-13T19:00:00,36.8,0,8.4,64.4,19.7,Yes
2026-01-13T20:00:00,46.8,0,9.5,44.1,32.0,Yes
2026-01-13T21:00:00,55.1,0.05,3.3,72.4,40.9,No
2026-01-13T22:00:00,61.1,0,3.0,83.3,46.7,No
2026-01-13T23:00:00,63.4,0,8.7,50.1,42.0,No
2026-01-14T00:00:00,52.3,0,4.9,41.2,34.1,No
2026-01-14T01:00:00,68.0,0,5.2,92.5,53.6,No
2026-01-14T02:00:00,54.0,0,9.4,41.0,40.6,No
2026-01-14T03:00:00,54.7,0,11.2,79.8,42.6,No
2026-01-14T04:00:00,61.6,0,4.1,36.3,44.7,No
2026-01-14T05:00:00,41.7,0,1.5,87.1,28.5,Yes
2026-01-14T06:00:00,54.1,0,6.0,87.1,33.3,No
2026-01-14T07:00:00,58.4,0,7.5,74.9,41.1,No
2026-01-14T08:00:00,54.8,0,12.0,60.7,36.1,No
2026-01-14T09:00:00,61.0,0,5.1,78.0,42.4,No
2026-01-14T10:00:00,61.1,0,13.2,82.2,43.9,No
2026-01-14T11:00:00,62.1,0,7.8,93.9,48.9,No
2026-01-14T12:00:00,58.7,0,15.2,66.8,42.4,No
2026-01-14T13:00:00,64.8,0,11.2,84.1,53.8,No
2026-01-14T14:00:00,55.7,0,11.5,58.2,35.3,No
2026-01-14T15:00:00,68.2,0,8.5,93.4,53.3,No
2026-01-14T16:00:00,70.4,0,5.6,90.0,58.7,No
2026-01-14T17:00:00,47.3,0,9.2,73.7,33.3,No
2026-01-14T18:00:00,65.2,0,9.3,85.3,47.7,No
2026-01-14T19:00:00,58.3,0,8.3,30.7,39.7,No
2026-01-14T20:00:00,48.4,0,10.2,79.3,33.2,No
2026-01-14T21:00:00,43.6,0,0,45.8,34.9,No
2026-01-14T22:00:00,62.1,0.15,10.8,45.3,44.3,No
2026-01-14T23:00:00,57.7,0.07,4.7,82.2,37.1,No
2026-01-15T00:00:00,48.1,0.04,3.8,68.9,29.8,Yes
2026-01-15T01:00:00,52.3,0,5.9,89.1,37.9,No
2026-01-15T02:00:00,63.9,0,4.2,44.8,46.5,No
2026-01-15T03:00:00,60.4,0,2.3,35.5,46.2,No
2026-01-15T04:00:00,52.9,0,9.1,73.8,36.1,No
2026-01-15T05:00:00,50.1,0.21,13.4,73.5,32.6,No
2026-01-15T06:00:00,52.0,0,7.5,82.6,38.0,No
2026-01-15T07:00:00,51.0,0,5.1,32.5,38.9,No
2026-01-15T08:00:00,59.4,0,7.8,33.8,45.8,No
2026-01-15T09:00:00,66.8,0,16.7,60.9,50.2,No
2026-01-15T10:00:00,48.8,0,8.1,79.8,34.1,No
2026-01-15T11:00:00,55.5,0,6.9,41.1,41.4,No
2026-01-15T12:00:00,49.3,0,4.8,74.3,38.5,No
2026-01-15T13:00:00,55.3,0,10.6,57.2,42.0,No
2026-01-15T14:00:00,51.5,0,15.0,49.3,36.4,No
2026-01-15T15:00:00,54.0,0,9.2,90.2,41.6,No
2026-01-15T16:00:00,51.5,0,3.1,94.9,31.3,Yes
2026-01-15T17:00:00,51.3,0.12,1.8,57.9,35.4,No
2026-01-15T18:00:00,49.7,0,12.2,44.2,36.0,No
2026-01-15T19:00:00,46.7,0,6.1,59.3,29.0,Yes
2026-01-15T20:00:00,45.7,0,7.8,63.9,30.0,Yes
2026-01-15T21:00:00,50.3,0,7.0,48.0,29.6,Yes
2026-01-15T22:00:00,61.7,0,10.7,63.3,42.2,No
2026-01-15T23:00:00,57.6,0,6.2,72.7,43.3,No
2026-01-16T00:00:00,70.2,0,2.7,66.4,52.3,No
2026-01-16T01:00:00,54.2,0,2.6,66.1,40.0,No
2026-01-16T02:00:00,55.8,0,1.0,43.9,43.6,No
2026-01-16T03:00:00,47.2,0.12,10.9,64.0,36.2,No
2026-01-16T04:00:00,62.5,0,10.3,80.1,43.8,No
2026-01-16T05:00:00,50.0,0,9.1,51.6,37.8,No
2026-01-16T06:00:00,58.2,0,14.5,61.6,41.7,No
2026-01-16T07:00:00,37.8,0,1.9,65.4,22.4,Yes
2026-01-16T08:00:00,50.7,0,6.2,77.6,34.1,No
2026-01-16T09:00:00,64.0,0,16.8,73.6,48.3,No
2026-01-16T10:00:00,50.5,0,5.5,78.8,36.0,No
2026-01-16T11:00:00,45.2,0,6.4,41.2,26.9,Yes
2026-01-16T12:00:00,45.4,0,3.3,67.5,34.4,No
2026-01-16T13:00:00,60.9,0,5.8,67.9,40.9,No
2026-01-16T14:00:00,41.8,0,8.8,74.8,21.1,Yes
2026-01-16T15:00:00,58.8,0,7.3,33.9,40.7,No
2026-01-16T16:00:00,53.6,0,15.8,67.0,36.0,No
2026-01-16T17:00:00,54.3,0,7.6,68.3,38.9,No
2026-01-16T18:00:00,48.1,0,6.0,41.0,31.6,Yes
2026-01-16T19:00:00,54.0,0.05,9.1,59.9,41.6,No
2026-01-16T20:00:00,49.7,0,2.9,70.2,34.5,No
2026-01-16T21:00:00,54.0,0,7.5,55.7,39.1,No
2026-01-16T22:00:00,60.7,0,12.5,65.3,46.2,No
2026-01-16T23:00:00,48.4,0,6.5,57.6,40.0,No
2026-01-17T00:00:00,49.7,0,4.5,81.9,29.8,Yes
2026-01-17T01:00:00,46.6,0,10.4,91.9,34.6,No
2026-01-17T02:00:00,60.1,0,15.2,61.2,42.6,No
2026-01-17T03:00:00,52.5,0,8.2,79.2,40.3,No
2026-01-17T04:00:00,59.7,0,8.9,30.8,42.2,No
2026-01-17T05:00:00,55.1,0,2.0,73.2,41.7,No
2026-01-17T06:00:00,51.2,0,7.4,77.7,35.3,No
2026-01-17T07:00:00,60.7,0,14.9,64.7,50.3,No
2026-01-17T08:00:00,67.0,0,12.3,44.2,45.9,No
2026-01-17T09:00:00,60.9,0,8.7,75.6,51.3,No
2026-01-17T10:00:00,59.5,0,0.6,57.5,53.0,No
2026-01-17T11:00:00,55.5,0.09,5.2,68.1,44.2,No
2026-01-17T12:00:00,48.3,0,8.3,88.4,34.1,No
2026-01-17T13:00:00,53.4,0,4.0,50.7,36.8,No
2026-01-17T14:00:00,46.9,0,5.5,49.9,30.9,Yes
2026-01-17T15:00:00,56.2,0,4.6,79.5,39.8,No
2026-01-17T16:00:00,61.9,0,3.9,74.0,49.3,No
2026-01-17T17:00:00,47.7,0,11.3,66.2,35.2,No
2026-01-17T18:00:00,53.6,0,13.3,48.4,34.6,No
2026-01-17T19:00:00,51.4,0,8.4,89.9,37.6,No
2026-01-17T20:00:00,54.5,0,12.1,52.3,39.9,No
2026-01-17T21:00:00,46.9,0.07,0.7,72.3,30.9,Yes
2026-01-17T22:00:00,48.0,0,16.1,78.1,31.7,Yes
2026-01-17T23:00:00,65.8,0,1.1,93.4,55.5,No
2026-01-18T00:00:00,42.2,0,12.1,35.2,32.1,No
2026-01-18T01:00:00,57.1,0,6.8,64.0,44.1,No
2026-01-18T02:00:00,50.3,0,5.8,38.5,38.5,No
2026-01-18T03:00:00,48.3,0,8.3,45.4,28.7,Yes
2026-01-18T04:00:00,66.1,0,14.7,73.7,51.8,No
2026-01-18T05:00:00,53.4,0,11.2,87.6,34.3,No
2026-01-18T06:00:00,48.5,0,8.9,40.5,28.9,Yes
2026-01-18T07:00:00,58.6,0,4.9,56.6,37.6,No
2026-01-18T08:00:00,63.4,0,6.8,94.2,45.4,No
2026-01-18T09:00:00,46.1,0,7.1,75.7,34.3,No
2026-01-18T10:00:00,43.4,0,5.8,79.7,32.5,No
2026-01-18T11:00:00,47.8,0,10.9,44.4,34.7,No
2026-01-18T12:00:00,68.0,0,15.7,72.8,46.6,No
2026-01-18T13:00:00,50.2,0,5.0,94.0,32.8,No
2026-01-18T14:00:00,60.3,0,13.7,68.3,47.2,No
2026-01-18T15:00:00,45.9,0,15.5,76.5,35.3,No
2026-01-18T16:00:00,55.7,0,3.4,75.1,38.5,No
2026-01-18T17:00:00,51.6,0,11.2,41.1,33.8,No
2026-01-18T18:00:00,56.6,0,5.0,63.1,45.8,No
2026-01-18T19:00:00,59.1,0,12.3,52.5,43.6,No
2026-01-18T20:00:00,60.2,0,10.9,50.0,45.9,No
2026-01-18T21:00:00,55.7,0,0,36.2,39.0,No
2026-01-18T22:00:00,61.0,0,8.2,51.6,46.0,No
2026-01-18T23:00:00,51.7,0,9.8,61.6,37.8,No
2026-01-19T00:00:00,53.3,0,12.6,56.0,43.0,No
2026-01-19T01:00:00,53.5,0.04,8.6,46.4,34.9,No
2026-01-19T02:00:00,59.3,0,6.6,56.2,43.9,No
2026-01-19T03:00:00,45.7,0,7.4,81.5,37.6,No
2026-01-19T04:00:00,55.8,0,5.9,56.7,41.4,No
2026-01-19T05:00:00,47.6,0,0.8,66.3,27.6,Yes
2026-01-19T06:00:00,60.8,0,8.4,53.4,44.1,No
2026-01-19T07:00:00,54.9,0.14,10.3,55.9,43.2,No
2026-01-19T08:00:00,54.0,0.07,11.7,90.2,38.3,No
2026-01-19T09:00:00,53.0,0,7.9,33.9,42.1,No
2026-01-19T10:00:00,51.2,0,10.0,39.1,29.1,Yes
2026-01-19T11:00:00,46.3,0,6.0,51.8,30.9,Yes
2026-01-19T12:00:00,59.0,0,9.8,56.7,41.2,No
2026-01-19T13:00:00,60.4,0,8.9,54.7,41.9,No
2026-01-19T14:00:00,63.7,0,9.9,67.6,49.5,No
2026-01-19T15:00:00,55.2,0,2.4,41.0,42.9,No
2026-01-19T16:00:00,61.1,0.13,9.6,30.0,47.2,No
2026-01-19T17:00:00,48.9,0,11.3,69.9,33.4,No
2026-01-19T18:00:00,52.2,0,12.7,83.3,42.5,No
2026-01-19T19:00:00,49.8,0,9.1,89.1,38.9,No
2026-01-19T20:00:00,60.4,0,3.2,43.3,39.7,No
2026-01-19T21:00:00,59.4,0,14.9,62.6,45.8,No
2026-01-19T22:00:00,36.5,0,10.2,47.1,19.2,Yes
2026-01-19T23:00:00,49.3,0,11.0,78.6,34.8,No
2026-01-20T00:00:00,50.3,0,9.5,77.2,32.2,No
2026-01-20T01:00:00,44.7,0,11.7,54.5,35.9,No
2026-01-20T02:00:00,60.4,0.07,8.4,57.7,44.5,No
2026-01-20T03:00:00,49.1,0.08,0.6,39.4,34.2,No
2026-01-20T04:00:00,54.5,0.03,7.5,44.8,36.9,No
2026-01-20T05:00:00,61.5,0,15.9,46.5,49.9,No
2026-01-20T06:00:00,57.7,0,9.4,66.2,43.3,No
2026-01-20T07:00:00,53.8,0,7.6,65.1,38.9,No
2026-01-20T08:00:00,56.5,0,6.7,43.3,38.5,No
2026-01-20T09:00:00,62.4,0.09,10.2,90.0,45.2,No
2026-01-20T10:00:00,56.4,0.25,0,50.2,38.4,No
2026-01-20T11:00:00,52.5,0,12.9,30.7,39.9,No
2026-01-20T12:00:00,45.7,0,6.9,84.3,32.0,Yes
2026-01-20T13:00:00,49.0,0,13.1,79.3,33.9,No
2026-01-20T14:00:00,51.7,0,7.2,89.9,40.9,No
2026-01-20T15:00:00,54.0,0,10.9,62.4,39.9,No
2026-01-20T16:00:00,64.5,0,7.9,61.7,44.8,No
2026-01-20T17:00:00,47.2,0,5.1,44.6,29.4,Yes
2026-01-20T18:00:00,52.7,0,3.3,81.0,35.9,No
2026-01-20T19:00:00,40.6,0,10.5,30.4,23.1,Yes
2026-01-20T20:00:00,71.2,0,9.9,81.7,55.9,No
2026-01-20T21:00:00,56.4,0.06,5.0,60.5,39.3,No
2026-01-20T22:00:00,63.4,0,4.9,63.7,50.3,No
2026-01-20T23:00:00,48.3,0,8.3,66.5,33.4,No
2026-01-21T00:00:00,46.7,0,7.6,71.2,30.0,Yes
2026-01-21T01:00:00,50.9,0,9.2,65.6,41.1,No
2026-01-21T02:00:00,54.7,0.09,15.8,90.2,34.0,No
2026-01-21T03:00:00,68.0,0,4.1,67.6,57.0,No
2026-01-21T04:00:00,60.9,0,6.7,46.2,45.0,No
2026-01-21T05:00:00,69.9,0,8.1,82.8,53.1,No
2026-01-21T06:00:00,46.7,0,5.9,44.6,24.6,Yes
2026-01-21T07:00:00,63.9,0,0,55.7,48.5,No
2026-01-21T08:00:00,62.1,0,5.8,81.3,48.5,No
2026-01-21T09:00:00,45.8,0.01,7.6,88.9,34.0,No
2026-01-21T10:00:00,57.5,0,10.1,92.8,47.2,No
2026-01-21T11:00:00,58.6,0,11.8,64.2,43.3,No
2026-01-21T12:00:00,52.4,0,8.6,45.3,44.1,No
2026-01-21T13:00:00,54.4,0,11.8,74.2,43.6,No
2026-01-21T14:00:00,56.2,0,12.6,89.4,38.5,No
2026-01-21T15:00:00,50.9,0,4.5,32.0,37.3,No
2026-01-21T16:00:00,63.7,0,6.2,38.0,50.1,No
2026-01-21T17:00:00,58.7,0,5.6,87.9,47.0,No
2026-01-21T18:00:00,59.6,0,11.7,43.0,45.7,No
2026-01-21T19:00:00,45.4,0.13,4.2,38.1,35.4,No
2026-01-21T20:00:00,58.0,0,14.1,72.5,40.3,No
2026-01-21T21:00:00,72.2,0,18.3,35.2,57.6,No
2026-01-21T22:00:00,61.3,0,3.1,86.2,46.0,No
2026-01-21T23:00:00,62.5,0,6.0,52.2,50.5,No
2026-01-22T00:00:00,69.0,0,9.6,88.7,50.4,No
2026-01-22T01:00:00,53.8,0,5.3,47.8,43.8,No
2026-01-22T02:00:00,50.9,0,5.0,88.8,35.6,No
2026-01-22T03:00:00,55.3,0,1.1,91.5,41.8,No
2026-01-22T04:00:00,50.3,0,9.4,62.2,35.4,No
2026-01-22T05:00:00,64.3,0,1.6,30.3,53.1,No
2026-01-22T06:00:00,50.1,0,10.9,68.8,31.3,Yes
2026-01-22T07:00:00,67.2,0,11.0,39.5,56.1,No
2026-01-22T08:00:00,50.7,0,15.6,76.8,32.0,No
2026-01-22T09:00:00,47.9,0,6.5,73.5,36.6,No
2026-01-22T10:00:00,54.9,0,7.1,36.0,42.6,No
2026-01-22T11:00:00,54.9,0.01,2.8,41.8,40.7,No
2026-01-22T12:00:00,41.9,0,17.4,77.4,25.4,Yes
2026-01-22T13:00:00,48.3,0,2.1,91.2,33.2,No
2026-01-22T14:00:00,48.3,0.02,5.7,91.3,33.5,No
2026-01-22T15:00:00,54.8,0,11.2,87.8,38.3,No
2026-01-22T16:00:00,56.6,0,7.3,42.9,42.0,No
2026-01-22T17:00:00,49.7,0,9.4,31.1,37.7,No
2026-01-22T18:00:00,69.4,0.11,7.7,48.8,53.2,No
2026-01-22T19:00:00,57.7,0,8.6,78.0,44.0,No
2026-01-22T20:00:00,45.1,0,11.2,45.8,32.2,No
2026-01-22T21:00:00,54.1,0,7.4,78.0,40.0,No
2026-01-22T22:00:00,58.4,0,8.6,92.7,43.7,No
2026-01-22T23:00:00,57.3,0,14.9,90.6,38.4,No
2026-01-23T00:00:00,59.0,0.02,13.1,83.7,43.9,No
2026-01-23T01:00:00,63.9,0,10.6,77.7,47.0,No
2026-01-23T02:00:00,59.2,0,5.1,50.3,45.0,No
2026-01-23T03:00:00,47.6,0,15.4,48.6,36.2,No
2026-01-23T04:00:00,62.8,0.05,8.5,89.6,54.6,No
2026-01-23T05:00:00,58.1,0,4.5,84.8,38.1,No
2026-01-23T06:00:00,63.2,0.06,6.3,79.7,46.1,No
2026-01-23T07:00:00,57.9,0,5.5,34.4,37.7,No
2026-01-23T08:00:00,51.1,0,3.3,30.8,36.4,No
2026-01-23T09:00:00,49.6,0,14.4,79.2,35.9,No
2026-01-23T10:00:00,53.7,0,11.1,65.0,35.1,No
2026-01-23T11:00:00,67.8,0,4.9,76.0,56.9,No
2026-01-23T12:00:00,56.0,0,10.5,65.5,39.5,No
2026-01-23T13:00:00,61.4,0,8.2,40.7,52.8,No
2026-01-23T14:00:00,61.4,0,13.6,45.6,46.0,No
2026-01-23T15:00:00,61.6,0,4.9,71.4,47.1,No
2026-01-23T16:00:00,62.1,0,7.3,52.3,48.3,No
2026-01-23T17:00:00,52.2,0,10.9,52.9,42.0,No
2026-01-23T18:00:00,50.7,0,2.9,66.8,37.1,No
2026-01-23T19:00:00,63.4,0,11.1,61.9,47.5,No
2026-01-23T20:00:00,54.0,0,4.8,68.2,41.6,No
2026-01-23T21:00:00,66.4,0,1.2,41.8,54.3,No
2026-01-23T22:00:00,50.8,0.06,10.4,63.1,33.1,No
2026-01-23T23:00:00,48.9,0,10.3,31.3,36.4,No
2026-01-24T00:00:00,50.5,0.04,2.2,87.1,35.3,No
2026-01-24T01:00:00,54.5,0,2.2,43.1,44.5,No
2026-01-24T02:00:00,52.0,0,8.6,71.7,38.5,No
2026-01-24T03:00:00,67.4,0,2.7,80.7,51.8,No
2026-01-24T04:00:00,46.0,0,3.6,77.7,29.5,Yes
2026-01-24T05:00:00,50.5,0,0.7,54.9,34.0,No
2026-01-24T06:00:00,51.3,0,11.7,73.7,39.1,No
2026-01-24T07:00:00,50.5,0,4.4,51.1,29.8,Yes
2026-01-24T08:00:00,49.5,0.11,9.9,94.9,33.2,No
2026-01-24T09:00:00,55.1,0,8.7,36.0,39.0,No
2026-01-24T10:00:00,45.6,0,0,57.6,30.8,Yes
2026-01-24T11:00:00,52.7,0,6.7,79.1,38.6,No
2026-01-24T12:00:00,65.1,0,8.0,39.9,46.5,No
2026-01-24T13:00:00,61.7,0,11.9,37.5,50.2,No
2026-01-24T14:00:00,52.4,0,10.5,89.9,36.1,No
2026-01-24T15:00:00,39.2,0,14.6,65.7,26.9,Yes
2026-01-24T16:00:00,61.9,0,3.9,86.0,47.2,No
2026-01-24T17:00:00,51.5,0,7.5,66.0,40.7,No
2026-01-24T18:00:00,48.9,0,11.9,48.3,37.2,No
2026-01-24T19:00:00,47.0,0,8.2,89.4,33.3,No
2026-01-24T20:00:00,62.9,0.07,4.4,91.1,49.2,No
2026-01-24T21:00:00,44.9,0.08,8.2,74.6,31.4,Yes
2026-01-24T22:00:00,45.9,0,7.7,49.2,31.4,Yes
2026-01-24T23:00:00,66.1,0,1.7,57.2,53.0,No
2026-01-25T00:00:00,55.2,0,3.6,47.3,40.8,No
2026-01-25T01:00:00,53.0,0.0,6.9,78.0,36.9,No
2026-01-25T02:00:00,58.6,0,7.7,56.7,40.2,No
2026-01-25T03:00:00,63.9,0,11.2,49.9,43.8,No
2026-01-25T04:00:00,57.1,0,13.1,31.2,39.3,No
2026-01-25T05:00:00,51.3,0,10.3,70.2,36.3,No
2026-01-25T06:00:00,59.0,0,0,74.8,45.3,No
2026-01-25T07:00:00,59.0,0,5.7,42.2,44.6,No
2026-01-25T08:00:00,54.1,0,6.9,39.7,37.2,No
2026-01-25T09:00:00,39.9,0,12.6,87.5,22.3,Yes
2026-01-25T10:00:00,54.4,0.01,6.1,62.5,40.6,No
2026-01-25T11:00:00,65.5,0,8.6,81.3,58.7,No
2026-01-25T12:00:00,48.2,0,6.0,58.7,34.4,No
2026-01-25T13:00:00,52.9,0,11.7,77.7,35.6,No
2026-01-25T14:00:00,52.3,0,6.1,75.1,39.5,No
2026-01-25T15:00:00,58.5,0,0,62.2,39.6,No
2026-01-25T16:00:00,42.9,0,9.1,56.2,27.4,Yes
2026-01-25T17:00:00,58.6,0,11.1,88.9,41.8,No
2026-01-25T18:00:00,46.5,0,15.6,44.1,34.6,No
2026-01-25T19:00:00,65.5,0,5.4,62.8,55.4,No
2026-01-25T20:00:00,62.2,0,12.4,57.9,48.1,No
2026-01-25T21:00:00,56.2,0,11.7,81.8,44.8,No
2026-01-25T22:00:00,44.7,0,7.0,35.1,31.1,Yes
2026-01-25T23:00:00,60.3,0.03,14.9,69.8,47.7,No
2026-01-26T00:00:00,63.5,0,12.2,78.4,48.1,No
2026-01-26T01:00:00,47.4,0,16.7,57.8,32.6,No
2026-01-26T02:00:00,52.0,0,4.2,67.8,34.8,No
2026-01-26T03:00:00,56.8,0,6.6,88.5,42.5,No
2026-01-26T04:00:00,55.4,0,8.7,37.7,36.3,No
2026-01-26T05:00:00,53.6,0,0,89.5,42.8,No
2026-01-26T06:00:00,49.7,0.24,8.9,80.8,36.4,No
2026-01-26T07:00:00,58.8,0,9.3,63.8,41.5,No
2026-01-26T08:00:00,61.8,0,11.2,85.5,46.6,No
2026-01-26T09:00:00,66.9,0,7.4,49.2,52.4,No
2026-01-26T10:00:00,56.8,0,10.3,61.2,41.6,No
2026-01-26T11:00:00,62.1,0.06,15.9,49.9,47.5,No
2026-01-26T12:00:00,60.2,0,6.4,92.1,41.6,No
2026-01-26T13:00:00,42.3,0,5.4,62.8,28.4,Yes
2026-01-26T14:00:00,51.4,0,10.1,32.7,35.2,No
2026-01-26T15:00:00,49.6,0,7.0,81.8,33.9,No
2026-01-26T16:00:00,56.4,0,0,45.7,36.6,No
2026-01-26T17:00:00,54.7,0,16.1,63.1,39.2,No
2026-01-26T18:00:00,61.6,0,3.7,60.9,40.8,No
2026-01-26T19:00:00,55.8,0,15.6,35.5,40.1,No
2026-01-26T20:00:00,59.8,0,7.9,61.2,43.7,No
2026-01-26T21:00:00,55.4,0,10.2,91.4,39.9,No
2026-01-26T22:00:00,60.8,0,5.3,36.9,44.1,No
2026-01-26T23:00:00,54.0,0,5.0,90.9,35.1,No
2026-01-27T00:00:00,49.2,0.09,11.1,45.8,36.6,No
2026-01-27T01:00:00,51.0,0,9.5,55.7,41.2,No
2026-01-27T02:00:00,36.2,0,6.6,67.7,20.0,Yes
2026-01-27T03:00:00,50.3,0,9.7,36.2,35.7,No
2026-01-27T04:00:00,56.2,0,7.2,74.3,42.1,No
2026-01-27T05:00:00,60.5,0,8.1,55.8,47.7,No
2026-01-27T06:00:00,71.5,0,4.9,76.1,60.5,No
2026-01-27T07:00:00,56.7,0.08,4.5,47.7,41.4,No
2026-01-27T08:00:00,63.1,0,10.1,46.6,52.2,No
2026-01-27T09:00:00,51.2,0,2.0,31.8,41.4,No
2026-01-27T10:00:00,47.1,0,12.0,83.6,32.4,No
2026-01-27T11:00:00,49.4,0,12.1,44.1,36.6,No
2026-01-27T12:00:00,58.4,0,13.9,89.1,42.1,No
2026-01-27T13:00:00,64.1,0,8.4,72.2,48.0,No
2026-01-27T14:00:00,49.1,0.01,12.7,58.0,38.4,No
2026-01-27T15:00:00,58.0,0.0,9.9,91.0,42.1,No
2026-01-27T16:00:00,52.4,0,7.4,39.7,35.4,No
2026-01-27T17:00:00,60.3,0,4.7,86.2,49.8,No
2026-01-27T18:00:00,49.9,0,4.7,66.5,35.0,No
2026-01-27T19:00:00,59.8,0,7.0,30.1,39.3,No
2026-01-27T20:00:00,51.4,0,7.4,83.3,34.7,No
2026-01-27T21:00:00,46.5,0,0.2,42.1,38.1,No
2026-01-27T22:00:00,67.0,0,13.0,41.5,56.3,No
2026-01-27T23:00:00,55.6,0,4.4,89.5,41.4,No
2026-01-28T00:00:00,46.0,0,14.9,93.8,29.2,Yes
2026-01-28T01:00:00,52.7,0,2.9,83.1,33.1,No
2026-01-28T02:00:00,53.0,0,9.5,56.3,40.4,No
2026-01-28T03:00:00,49.6,0,13.5,58.2,35.8,No
2026-01-28T04:00:00,56.9,0.07,7.5,66.3,50.2,No
2026-01-28T05:00:00,42.1,0,9.4,55.8,30.9,Yes
2026-01-28T06:00:00,42.0,0,8.5,31.6,26.2,Yes
2026-01-28T07:00:00,59.0,0,5.9,93.2,45.6,No
2026-01-28T08:00:00,49.6,0,5.1,68.2,35.8,No
2026-01-28T09:00:00,62.2,0,17.7,77.9,47.6,No
2026-01-28T10:00:00,58.4,0,9.0,32.4,42.5,No
2026-01-28T11:00:00,60.8,0,9.3,76.5,49.1,No
2026-01-28T12:00:00,55.3,0,5.6,59.0,40.8,No
2026-01-28T13:00:00,57.8,0,5.1,74.2,37.8,No
2026-01-28T14:00:00,39.1,0,14.9,34.0,25.2,Yes
2026-01-28T15:00:00,71.1,0,17.2,53.5,60.8,No
2026-01-28T16:00:00,55.8,0,10.4,85.1,42.9,No
2026-01-28T17:00:00,62.6,0,5.1,60.9,46.0,No
2026-01-28T18:00:00,66.0,0,9.0,78.9,51.7,No
2026-01-28T19:00:00,51.1,0,12.3,84.5,34.7,No
2026-01-28T20:00:00,50.6,0.03,4.2,92.8,39.0,No
2026-01-28T21:00:00,45.1,0,4.2,83.1,31.4,Yes
2026-01-28T22:00:00,43.9,0,1.1,81.6,30.7,Yes
2026-01-28T23:00:00,49.1,0,8.1,32.4,36.0,No
2026-01-29T00:00:00,63.4,0,17.4,59.7,48.6,No
2026-01-29T01:00:00,51.2,0,10.3,35.3,39.7,No
2026-01-29T02:00:00,53.9,0,4.7,88.5,40.9,No
2026-01-29T03:00:00,65.4,0.2,7.5,93.8,52.8,No
2026-01-29T04:00:00,63.8,0,9.2,81.4,47.2,No
2026-01-29T05:00:00,57.7,0,7.7,40.1,48.7,No
2026-01-29T06:00:00,48.6,0,10.7,84.7,32.0,Yes
2026-01-29T07:00:00,47.5,0,8.6,59.3,26.9,Yes
2026-01-29T08:00:00,57.0,0,12.3,67.0,39.9,No
2026-01-29T09:00:00,52.9,0.14,10.7,38.9,39.4,No
2026-01-29T10:00:00,61.3,0,2.9,45.9,45.9,No
2026-01-29T11:00:00,57.6,0.03,4.0,56.9,44.4,No
2026-01-29T12:00:00,53.4,0,0,79.8,37.2,No
2026-01-29T13:00:00,38.7,0,7.8,41.0,28.4,Yes
2026-01-29T14:00:00,50.2,0,7.4,53.8,35.9,No
2026-01-29T15:00:00,50.2,0,10.1,31.1,32.3,No
2026-01-29T16:00:00,47.4,0,9.9,31.7,28.8,Yes
2026-01-29T17:00:00,61.4,0,11.1,81.7,49.0,No
2026-01-29T18:00:00,64.4,0,10.8,84.9,55.9,No
2026-01-29T19:00:00,47.6,0,1.7,76.7,30.0,Yes
2026-01-29T20:00:00,56.3,0,12.8,51.7,38.0,No
2026-01-29T21:00:00,58.6,0,5.3,69.9,46.1,No
2026-01-29T22:00:00,48.3,0,12.4,49.6,30.3,Yes
2026-01-29T23:00:00,34.6,0,5.7,69.7,22.3,Yes
2026-01-30T00:00:00,61.1,0,10.4,44.2,43.2,No
2026-01-30T01:00:00,56.2,0,3.9,58.6,46.0,No
2026-01-30T02:00:00,65.7,0,9.1,74.2,58.7,No
2026-01-30T03:00:00,59.5,0,12.9,58.4,40.6,No
2026-01-30T04:00:00,65.3,0,9.6,55.2,47.2,No
2026-01-30T05:00:00,46.6,0,7.1,56.9,33.7,No
2026-01-30T06:00:00,43.7,0,2.8,67.2,33.1,No
2026-01-30T07:00:00,41.5,0,13.0,74.1,25.6,Yes
2026-01-30T08:00:00,50.1,0,8.7,43.5,38.6,No
2026-01-30T09:00:00,57.2,0,3.9,81.5,43.2,No
2026-01-30T10:00:00,56.3,0.06,5.2,58.1,40.1,No
2026-01-30T11:00:00,49.8,0,12.4,69.0,34.1,No
2026-01-30T12:00:00,64.3,0.03,16.1,91.5,44.3,No
2026-01-30T13:00:00,44.4,0,21.8,53.9,32.7,No
2026-01-30T14:00:00,46.4,0.12,13.7,79.2,30.0,Yes
2026-01-30T15:00:00,54.0,0,14.7,76.5,40.1,No
2026-01-30T16:00:00,56.7,0,5.9,78.0,42.8,No
2026-01-30T17:00:00,51.4,0,2.4,84.6,39.9,No
2026-01-30T18:00:00,45.6,0,5.5,41.9,28.7,Yes
2026-01-30T19:00:00,66.5,0,9.1,52.0,47.7,No
2026-01-30T20:00:00,55.0,0,7.0,43.5,33.6,No
2026-01-30T21:00:00,54.3,0,14.3,68.1,38.7,No
2026-01-30T22:00:00,51.8,0,5.4,86.3,33.9,No
2026-01-30T23:00:00,52.1,0.09,4.2,38.5,37.0,No
2026-01-31T00:00:00,47.6,0,12.1,43.8,39.1,No
2026-01-31T01:00:00,54.5,0.03,4.6,80.1,36.6,No
2026-01-31T02:00:00,58.9,0,10.0,34.8,42.6,No
2026-01-31T03:00:00,57.8,0,4.9,51.7,42.5,No
2026-01-31T04:00:00,48.3,0.11,9.6,69.3,32.4,No
2026-01-31T05:00:00,54.9,0,2.5,65.7,37.4,No
2026-01-31T06:00:00,55.3,0,8.0,69.9,40.7,No
2026-01-31T07:00:00,58.1,0,7.4,37.8,46.9,No
2026-01-31T08:00:00,61.1,0.04,1.7,39.7,48.4,No
2026-01-31T09:00:00,58.2,0,12.9,58.5,45.0,No
2026-01-31T10:00:00,52.3,0,9.2,43.6,35.0,No
2026-01-31T11:00:00,61.6,0,2.1,80.3,50.3,No
2026-01-31T12:00:00,44.0,0,14.9,55.6,23.6,Yes
2026-01-31T13:00:00,52.4,0,4.0,85.6,36.1,No
2026-01-31T14:00:00,58.1,0,5.5,35.2,39.6,No
2026-01-31T15:00:00,66.1,0,4.2,54.4,51.5,No
2026-01-31T16:00:00,63.2,0,0,92.0,50.4,No
2026-01-31T17:00:00,53.1,0.0,12.4,32.0,44.0,No
2026-01-31T18:00:00,59.4,0,12.1,59.3,44.9,No
2026-01-31T19:00:00,58.1,0,11.1,65.1,42.9,No
2026-01-31T20:00:00,47.3,0,5.1,83.4,29.4,Yes
2026-01-31T21:00:00,51.6,0,7.8,38.6,36.2,No
2026-01-31T22:00:00,57.9,0,0.2,65.9,41.1,No
2026-01-31T23:00:00,54.4,0,16.7,92.4,41.9,No
2026-02-01T00:00:00,48.5,0,4.2,80.5,38.4,No
2026-02-01T01:00:00,45.0,0,5.6,35.1,26.0,Yes
2026-02-01T02:00:00,61.6,0,11.7,88.5,45.9,No
2026-02-01T03:00:00,46.6,0,4.5,64.0,32.1,No
2026-02-01T04:00:00,63.5,0,10.4,69.5,49.6,No
2026-02-01T05:00:00,66.4,0,13.6,36.5,55.4,No
2026-02-01T06:00:00,53.0,0,6.6,64.0,36.4,No
2026-02-01T07:00:00,54.2,0,10.7,65.6,39.5,No
2026-02-01T08:00:00,58.1,0,5.5,77.7,47.6,No
2026-02-01T09:00:00,37.3,0,0.2,91.3,20.1,Yes
2026-02-01T10:00:00,57.8,0,9.2,80.5,40.5,No
2026-02-01T11:00:00,47.9,0,9.7,76.1,38.6,No
2026-02-01T12:00:00,42.1,0,5.6,81.9,24.0,Yes
2026-02-01T13:00:00,61.2,0,12.4,70.9,49.2,No
2026-02-01T14:00:00,59.0,0,5.6,85.1,41.5,No
2026-02-01T15:00:00,64.6,0,3.6,39.7,53.2,No
2026-02-01T16:00:00,45.6,0,5.3,48.0,32.3,No
2026-02-01T17:00:00,63.0,0,4.5,37.8,44.9,No
2026-02-01T18:00:00,61.7,0,6.5,45.9,49.1,No
2026-02-01T19:00:00,53.3,0.16,15.0,50.2,44.6,No
2026-02-01T20:00:00,51.0,0,10.2,69.0,41.4,No
2026-02-01T21:00:00,53.0,0,6.5,63.1,36.5,No
2026-02-01T22:00:00,58.3,0,4.0,58.9,41.2,No
2026-02-01T23:00:00,48.5,0,11.3,69.8,33.2,No
2026-02-02T00:00:00,41.5,0,6.9,84.3,22.1,Yes
2026-02-02T01:00:00,51.6,0,10.3,70.1,35.3,No
2026-02-02T02:00:00,66.5,0,10.1,57.5,54.9,No
2026-02-02T03:00:00,68.7,0,5.2,82.6,53.0,No
2026-02-02T04:00:00,61.6,0,7.2,69.2,49.6,No
2026-02-02T05:00:00,57.2,0,14.8,45.2,44.1,No
2026-02-02T06:00:00,51.5,0,4.4,88.7,32.9,No
2026-02-02T07:00:00,50.1,0,9.0,88.8,31.6,Yes
2026-02-02T08:00:00,69.8,0.1,2.3,64.4,54.6,No
2026-02-02T09:00:00,54.3,0,5.4,41.9,36.8,No
2026-02-02T10:00:00,54.7,0,6.8,34.6,45.0,No
2026-02-02T11:00:00,57.8,0,12.4,93.3,39.9,No
2026-02-02T12:00:00,43.0,0,1.1,53.6,26.9,Yes
2026-02-02T13:00:00,56.9,0.05,7.8,71.2,48.1,No
2026-02-02T14:00:00,43.2,0,13.1,30.2,27.0,Yes
2026-02-02T15:00:00,47.1,0.06,4.0,66.6,34.7,No
2026-02-02T16:00:00,44.0,0,0,44.5,32.2,No
2026-02-02T17:00:00,52.4,0,7.4,39.4,38.4,No
2026-02-02T18:00:00,63.4,0,5.9,67.8,49.3,No
2026-02-02T19:00:00,60.7,0,12.3,85.8,36.1,No
2026-02-02T20:00:00,47.8,0,0,51.8,31.0,Yes
2026-02-02T21:00:00,50.1,0,7.2,53.4,38.1,No
2026-02-02T22:00:00,63.3,0,7.5,62.9,46.3,No
2026-02-02T23:00:00,37.8,0,7.6,43.7,27.6,Yes
2026-02-03T00:00:00,46.4,0,7.1,42.0,28.2,Yes
2026-02-03T01:00:00,57.2,0,8.5,35.7,43.9,No
2026-02-03T02:00:00,48.6,0.21,11.8,85.5,35.7,No
2026-02-03T03:00:00,43.4,0,5.3,72.7,27.5,Yes
2026-02-03T04:00:00,60.8,0,3.7,60.3,43.6,No
2026-02-03T05:00:00,53.8,0,12.0,51.3,40.5,No
2026-02-03T06:00:00,61.9,0,9.9,30.5,43.2,No
2026-02-03T07:00:00,45.5,0,6.6,81.5,29.2,Yes
2026-02-03T08:00:00,54.7,0,10.5,63.3,37.6,No
2026-02-03T09:00:00,60.5,0,10.5,90.3,46.0,No
2026-02-03T10:00:00,46.3,0,3.8,65.7,28.5,Yes
2026-02-03T11:00:00,54.6,0,19.1,57.2,43.7,No
2026-02-03T12:00:00,68.1,0.08,10.3,84.5,54.7,No
2026-02-03T13:00:00,42.5,0,7.3,57.6,26.4,Yes
2026-02-03T14:00:00,68.8,0.06,8.4,30.7,55.4,No
2026-02-03T15:00:00,65.3,0,15.7,69.2,49.8,No
2026-02-03T16:00:00,51.7,0,6.0,36.2,38.7,No
2026-02-03T17:00:00,54.2,0,9.8,44.9,34.3,No
2026-02-03T18:00:00,59.2,0,0.5,52.4,43.4,No
2026-02-03T19:00:00,57.6,0,6.3,59.2,48.0,No
2026-02-03T20:00:00,54.8,0,9.8,88.5,37.7,No
2026-02-03T21:00:00,50.8,0,6.9,39.8,38.5,No
2026-02-03T22:00:00,37.4,0,9.4,88.3,15.9,Yes
2026-02-03T23:00:00,50.2,0,10.5,61.8,40.4,No
2026-02-04T00:00:00,58.6,0.02,6.5,73.9,48.9,No
2026-02-04T01:00:00,56.4,0,9.1,88.9,41.6,No
2026-02-04T02:00:00,46.1,0,15.3,35.4,28.2,Yes
2026-02-04T03:00:00,46.8,0,3.8,80.4,30.9,Yes
2026-02-04T04:00:00,51.9,0,1.8,92.9,38.5,No
2026-02-04T05:00:00,56.6,0,6.0,56.7,31.9,Yes
2026-02-04T06:00:00,49.4,0,8.3,73.5,34.3,No
2026-02-04T07:00:00,51.4,0,1.1,81.4,32.2,No
2026-02-04T08:00:00,56.7,0,13.5,40.5,40.3,No
2026-02-04T09:00:00,56.5,0.03,7.5,58.8,43.8,No
2026-02-04T10:00:00,60.5,0,16.4,44.8,45.4,No
2026-02-04T11:00:00,54.2,0.01,4.8,51.2,44.8,No
2026-02-04T12:00:00,62.7,0,5.2,43.8,44.9,No
2026-02-04T13:00:00,38.4,0,5.1,68.7,24.3,Yes
2026-02-04T14:00:00,48.3,0,16.5,84.8,36.7,No
2026-02-04T15:00:00,70.8,0,6.7,90.8,56.5,No
2026-02-04T16:00:00,51.1,0,5.3,43.9,34.3,No
2026-02-04T17:00:00,48.1,0,11.3,87.6,34.6,No
2026-02-04T18:00:00,62.0,0,7.4,88.4,46.8,No
2026-02-04T19:00:00,56.8,0,9.1,32.0,48.2,No
2026-02-04T20:00:00,53.9,0,7.7,93.0,36.2,No
2026-02-04T21:00:00,54.2,0,9.9,78.5,34.2,No
2026-02-04T22:00:00,48.3,0,8.0,82.8,31.7,Yes
2026-02-04T23:00:00,48.9,0,3.0,71.0,33.8,No
2026-02-05T00:00:00,52.5,0.04,6.1,79.2,33.6,No
2026-02-05T01:00:00,52.2,0,2.2,32.9,34.8,No
2026-02-05T02:00:00,51.8,0.06,4.2,47.1,37.1,No
2026-02-05T03:00:00,42.9,0,13.3,57.5,24.3,Yes
2026-02-05T04:00:00,53.6,0,11.1,50.3,44.3,No
2026-02-05T05:00:00,68.4,0,7.0,79.7,53.4,No
2026-02-05T06:00:00,48.0,0,6.4,59.6,32.8,No
2026-02-05T07:00:00,53.8,0,5.8,88.5,36.8,No
2026-02-05T08:00:00,54.1,0,14.2,89.9,42.2,No
2026-02-05T09:00:00,55.3,0,7.0,61.0,36.6,No
2026-02-05T10:00:00,50.3,0,6.7,46.9,33.3,No
2026-02-05T11:00:00,47.7,0,8.2,47.4,34.6,No
2026-02-05T12:00:00,63.4,0,9.0,80.6,46.7,No
2026-02-05T13:00:00,54.8,0,7.7,90.0,45.1,No
2026-02-05T14:00:00,58.7,0,6.3,57.1,43.9,No
2026-02-05T15:00:00,76.1,0,5.4,51.5,61.0,No
2026-02-05T16:00:00,49.9,0,5.0,81.2,36.8,No
2026-02-05T17:00:00,43.9,0,9.1,32.7,25.2,Yes
2026-02-05T18:00:00,54.6,0.1,8.9,59.5,39.3,No
2026-02-05T19:00:00,63.2,0.08,4.0,75.5,50.2,No
2026-02-05T20:00:00,64.4,0,12.1,42.7,47.2,No
2026-02-05T21:00:00,50.9,0,6.9,64.5,31.3,Yes
2026-02-05T22:00:00,50.1,0,0,88.9,37.7,No
2026-02-05T23:00:00,51.6,0,8.5,74.6,37.2,No
2026-02-06T00:00:00,51.0,0,9.8,35.8,32.3,No
2026-02-06T01:00:00,54.2,0,14.7,85.6,41.0,No
2026-02-06T02:00:00,57.9,0,9.8,92.9,43.2,No
2026-02-06T03:00:00,56.9,0,7.0,36.2,43.5,No
2026-02-06T04:00:00,55.7,0,14.7,34.8,42.1,No
2026-02-06T05:00:00,69.0,0,9.0,83.6,54.8,No
2026-02-06T06:00:00,56.7,0.16,0.9,84.4,44.0,No
2026-02-06T07:00:00,64.1,0,2.5,87.2,49.3,No
2026-02-06T08:00:00,63.0,0,7.2,57.7,49.7,No
2026-02-06T09:00:00,64.8,0,7.7,67.7,46.2,No
2026-02-06T10:00:00,60.9,0,13.1,65.2,47.8,No
2026-02-06T11:00:00,66.1,0.1,0,92.7,51.2,No
2026-02-06T12:00:00,55.4,0,9.9,66.1,39.9,No
2026-02-06T13:00:00,48.0,0,2.8,50.3,33.0,No
2026-02-06T14:00:00,56.1,0,6.4,58.4,40.1,No
2026-02-06T15:00:00,52.6,0,3.7,53.0,38.6,No
2026-02-06T16:00:00,49.2,0,12.2,68.4,36.7,No
2026-02-06T17:00:00,50.6,0,9.8,47.0,33.7,No
2026-02-06T18:00:00,47.7,0.16,4.0,54.7,25.2,Yes
2026-02-06T19:00:00,54.2,0,8.0,77.5,41.3,No
2026-02-06T20:00:00,50.5,0,15.7,83.6,33.8,No
2026-02-06T21:00:00,50.7,0,11.6,78.1,35.1,No
2026-02-06T22:00:00,46.9,0,8.8,41.7,36.2,No
2026-02-06T23:00:00,51.1,0,14.2,62.0,36.5,No
2026-02-07T00:00:00,69.2,0,0,67.1,49.8,No
2026-02-07T01:00:00,57.3,0,5.5,88.9,45.7,No
2026-02-07T02:00:00,59.6,0,1.5,36.1,44.2,No
2026-02-07T03:00:00,63.1,0,5.8,39.2,51.0,No
2026-02-07T04:00:00,44.4,0,10.5,42.9,26.6,Yes
2026-02-07T05:00:00,55.7,0,0,52.1,39.3,No
2026-02-07T06:00:00,54.2,0,6.5,83.4,42.0,No
2026-02-07T07:00:00,71.6,0,4.1,39.1,53.3,No
2026-02-07T08:00:00,54.7,0.06,10.2,94.9,40.4,No
2026-02-07T09:00:00,49.1,0,3.9,73.2,29.4,Yes
2026-02-07T10:00:00,66.7,0,6.9,94.4,50.3,No
2026-02-07T11:00:00,54.6,0,12.7,81.0,37.1,No
2026-02-07T12:00:00,47.7,0,12.4,35.1,34.4,No
2026-02-07T13:00:00,50.0,0,13.4,35.3,35.7,No
2026-02-07T14:00:00,50.1,0,5.4,73.6,37.0,No
2026-02-07T15:00:00,55.7,0.07,6.5,63.8,39.8,No
2026-02-07T16:00:00,54.0,0,6.9,56.4,41.4,No
2026-02-07T17:00:00,59.6,0,3.7,39.8,42.4,No
2026-02-07T18:00:00,57.5,0.06,7.3,93.2,44.4,No
2026-02-07T19:00:00,48.4,0,13.6,57.6,36.6,No
2026-02-07T20:00:00,45.7,0,8.1,43.0,29.4,Yes
2026-02-07T21:00:00,56.2,0.16,0,32.4,40.9,No
2026-02-07T22:00:00,60.5,0.09,5.8,30.1,44.5,No
2026-02-07T23:00:00,45.7,0.15,8.7,52.4,27.5,Yes
2026-02-08T00:00:00,57.3,0.2,5.0,91.8,44.4,No
2026-02-08T01:00:00,55.5,0,4.9,73.5,37.2,No
2026-02-08T02:00:00,50.9,0,10.7,35.9,31.2,Yes
2026-02-08T03:00:00,66.5,0.03,8.8,77.2,49.1,No
2026-02-08T04:00:00,54.5,0,7.9,62.1,34.0,No
2026-02-08T05:00:00,57.9,0,4.1,37.8,44.9,No
2026-02-08T06:00:00,66.0,0,11.4,61.9,50.9,No
2026-02-08T07:00:00,56.3,0,10.7,45.8,40.9,No
2026-02-08T08:00:00,39.9,0,11.0,67.9,23.8,Yes
2026-02-08T09:00:00,57.2,0,11.2,56.1,42.8,No
2026-02-08T10:00:00,53.7,0,12.2,92.3,39.8,No
2026-02-08T11:00:00,64.5,0,5.0,71.9,45.9,No
2026-02-08T12:00:00,65.5,0.04,8.6,80.0,49.3,No
2026-02-08T13:00:00,68.8,0,5.3,67.9,50.1,No
2026-02-08T14:00:00,53.9,0,9.9,89.6,39.7,No
2026-02-08T15:00:00,47.4,0,7.1,92.5,32.9,No
2026-02-08T16:00:00,56.6,0,3.3,86.6,39.5,No
2026-02-08T17:00:00,54.5,0,2.2,43.3,42.1,No
2026-02-08T18:00:00,66.6,0.03,14.1,73.4,55.4,No
2026-02-08T19:00:00,55.9,0.08,2.3,48.2,36.0,No
2026-02-08T20:00:00,56.7,0,3.7,38.9,38.9,No
2026-02-08T21:00:00,50.9,0,4.7,45.3,33.1,No
2026-02-08T22:00:00,59.6,0,9.4,38.4,45.5,No
2026-02-08T23:00:00,49.5,0,8.3,53.8,31.4,Yes
2026-02-09T00:00:00,52.0,0,12.9,70.1,38.5,No
2026-02-09T01:00:00,52.7,0.07,15.0,90.7,40.4,No
2026-02-09T02:00:00,50.2,0,10.2,82.4,35.5,No
2026-02-09T03:00:00,56.6,0,10.9,93.6,43.9,No
2026-02-09T04:00:00,68.6,0,6.3,39.1,46.0,No
2026-02-09T05:00:00,44.8,0,9.4,50.0,35.2,No
2026-02-09T06:00:00,49.8,0,8.9,92.9,35.3,No
2026-02-09T07:00:00,64.1,0,8.1,41.8,51.3,No
2026-02-09T08:00:00,53.6,0,4.4,71.6,36.7,No
2026-02-09T09:00:00,49.6,0,12.1,53.4,36.7,No
2026-02-09T10:00:00,57.4,0,0,30.8,40.3,No
2026-02-09T11:00:00,46.6,0,5.2,77.6,31.9,Yes
2026-02-09T12:00:00,58.0,0,15.6,88.7,40.4,No
2026-02-09T13:00:00,56.2,0,6.9,35.0,42.1,No
2026-02-09T14:00:00,66.2,0.07,13.8,42.0,51.5,No
2026-02-09T15:00:00,56.0,0,14.5,67.6,37.5,No
2026-02-09T16:00:00,56.7,0,3.6,53.3,45.0,No
2026-02-09T17:00:00,48.4,0,12.5,32.6,33.0,No
2026-02-09T18:00:00,55.7,0,7.6,62.3,36.2,No
2026-02-09T19:00:00,53.9,0,0,86.3,31.6,Yes
2026-02-09T20:00:00,52.3,0,10.6,82.0,43.0,No
2026-02-09T21:00:00,50.3,0,2.0,52.9,39.3,No
2026-02-09T22:00:00,44.2,0,4.9,40.8,28.1,Yes
2026-02-09T23:00:00,48.0,0,9.8,92.5,28.0,Yes
2026-02-10T00:00:00,47.9,0,14.5,92.4,33.2,No
2026-02-10T01:00:00,58.4,0,8.7,55.4,43.3,No
2026-02-10T02:00:00,60.9,0,12.6,70.9,50.4,No
2026-02-10T03:00:00,55.7,0,10.1,64.9,39.7,No
2026-02-10T04:00:00,65.1,0,8.7,31.5,47.7,No
2026-02-10T05:00:00,53.5,0.09,2.1,52.3,36.2,No
2026-02-10T06:00:00,53.8,0,7.3,80.0,37.3,No
2026-02-10T07:00:00,47.3,0,0.8,48.8,32.8,No
2026-02-10T08:00:00,49.2,0.11,11.0,59.6,32.2,No
2026-02-10T09:00:00,63.5,0,2.7,81.2,41.1,No
2026-02-10T10:00:00,51.1,0,10.4,63.2,35.8,No
2026-02-10T11:00:00,67.1,0,0,50.4,48.9,No
2026-02-10T12:00:00,52.8,0,10.0,39.2,28.6,Yes
2026-02-10T13:00:00,48.6,0,8.3,45.8,34.7,No
2026-02-10T14:00:00,56.3,0,12.9,48.9,41.0,No
2026-02-10T15:00:00,57.2,0,10.0,37.9,40.3,No
2026-02-10T16:00:00,64.4,0.04,2.8,47.5,47.0,No
2026-02-10T17:00:00,57.7,0,6.5,73.2,41.5,No
2026-02-10T18:00:00,58.0,0,5.1,61.3,42.4,No
2026-02-10T19:00:00,47.0,0,3.4,60.9,37.4,No
2026-02-10T20:00:00,61.1,0,0,38.4,45.9,No
2026-02-10T21:00:00,55.3,0,3.1,64.2,43.4,No
2026-02-10T22:00:00,63.1,0,5.4,65.3,49.8,No
2026-02-10T23:00:00,60.9,0,7.2,72.4,45.9,No
2026-02-11T00:00:00,56.2,0,9.0,34.1,39.4,No
2026-02-11T01:00:00,55.0,0,10.4,55.9,38.2,No
2026-02-11T02:00:00,48.7,0,3.4,42.4,33.2,No
2026-02-11T03:00:00,65.7,0,10.3,68.6,48.6,No
2026-02-11T04:00:00,54.9,0,11.9,68.4,39.8,No
2026-02-11T05:00:00,45.4,0,4.6,66.3,31.7,Yes
2026-02-11T06:00:00,70.8,0,5.9,49.3,53.4,No
2026-02-11T07:00:00,51.5,0,9.5,52.9,38.0,No
2026-02-11T08:00:00,50.8,0,3.9,78.6,35.7,No
2026-02-11T09:00:00,57.1,0,5.3,41.2,45.0,No
2026-02-11T10:00:00,51.6,0,1.2,93.8,35.5,No
2026-02-11T11:00:00,59.6,0,13.3,39.8,41.1,No
2026-02-11T12:00:00,58.7,0,5.1,65.0,41.8,No
2026-02-11T13:00:00,47.4,0,11.9,49.4,38.7,No
2026-02-11T14:00:00,61.7,0,3.1,83.2,54.0,No
2026-02-11T15:00:00,55.0,0.04,11.2,71.7,38.4,No
2026-02-11T16:00:00,53.8,0,7.0,65.0,38.6,No
2026-02-11T17:00:00,66.9,0,6.1,58.2,50.3,No
2026-02-11T18:00:00,52.0,0,10.3,69.2,31.6,Yes
2026-02-11T19:00:00,57.0,0.11,11.0,80.0,36.9,No
2026-02-11T20:00:00,56.2,0,8.3,84.1,44.1,No
2026-02-11T21:00:00,66.0,0,10.2,79.7,45.9,No
2026-02-11T22:00:00,49.0,0,8.9,74.0,36.0,No
2026-02-11T23:00:00,64.3,0,7.4,52.5,53.7,No
2026-02-12T00:00:00,61.4,0,13.4,42.5,48.9,No
2026-02-12T01:00:00,65.3,0,6.5,50.3,53.4,No
2026-02-12T02:00:00,42.2,0,9.9,33.0,26.6,Yes
2026-02-12T03:00:00,58.4,0,10.5,79.5,39.8,No
2026-02-12T04:00:00,59.6,0,0,35.8,38.8,No
2026-02-12T05:00:00,63.7,0,11.1,67.5,50.2,No
2026-02-12T06:00:00,67.4,0.0,5.7,89.9,55.0,No
2026-02-12T07:00:00,44.3,0,11.5,38.6,29.7,Yes
2026-02-12T08:00:00,57.2,0,11.6,64.0,43.0,No
2026-02-12T09:00:00,55.0,0,12.1,37.1,38.7,No
2026-02-12T10:00:00,64.6,0.05,6.3,75.8,48.8,No
2026-02-12T11:00:00,53.8,0,4.1,48.7,32.9,No
2026-02-12T12:00:00,32.7,0,9.3,90.7,15.1,Yes
2026-02-12T13:00:00,51.0,0,10.2,77.1,31.7,Yes
2026-02-12T14:00:00,43.1,0,5.3,91.9,29.4,Yes
2026-02-12T15:00:00,56.4,0.11,15.2,37.2,45.0,No
2026-02-12T16:00:00,52.8,0,11.8,50.5,37.7,No
2026-02-12T17:00:00,61.5,0,15.1,66.7,48.6,No
2026-02-12T18:00:00,49.5,0,8.8,90.3,34.3,No
2026-02-12T19:00:00,49.6,0,4.5,54.9,36.2,No
2026-02-12T20:00:00,43.3,0,8.4,90.8,29.7,Yes
2026-02-12T21:00:00,54.1,0,6.8,80.9,40.1,No
2026-02-12T22:00:00,51.5,0,12.0,74.2,33.0,No
2026-02-12T23:00:00,52.7,0,14.1,36.5,39.9,No
2026-02-13T00:00:00,56.2,0,7.5,54.8,40.5,No
2026-02-13T01:00:00,61.6,0.05,10.1,65.6,48.4,No
2026-02-13T02:00:00,60.1,0,4.1,86.4,46.5,No
2026-02-13T03:00:00,64.7,0,13.8,81.6,52.5,No
2026-02-13T04:00:00,49.4,0.03,8.3,56.7,36.9,No
2026-02-13T05:00:00,42.6,0,10.2,62.5,27.1,Yes
2026-02-13T06:00:00,65.5,0,7.6,39.4,51.7,No
2026-02-13T07:00:00,50.6,0,7.8,75.5,33.2,No
2026-02-13T08:00:00,43.7,0,11.5,39.9,27.3,Yes
2026-02-13T09:00:00,69.4,0,4.5,47.8,53.4,No
2026-02-13T10:00:00,55.1,0.16,4.7,77.3,40.4,No
2026-02-13T11:00:00,61.6,0,11.2,81.2,45.4,No
2026-02-13T12:00:00,37.2,0,5.7,66.2,20.3,Yes
2026-02-13T13:00:00,36.9,0,9.7,77.6,25.8,Yes
2026-02-13T14:00:00,44.7,0,16.9,58.3,25.0,Yes
2026-02-13T15:00:00,68.6,0.02,10.9,79.8,49.4,No
2026-02-13T16:00:00,56.6,0,11.3,33.3,41.2,No
2026-02-13T17:00:00,50.8,0,4.3,91.5,38.2,No
2026-02-13T18:00:00,45.8,0.02,9.5,66.9,33.1,No
2026-02-13T19:00:00,47.8,0,17.6,82.9,35.6,No
2026-02-13T20:00:00,48.1,0,9.6,93.5,34.1,No
2026-02-13T21:00:00,67.8,0,6.6,77.1,56.9,No
2026-02-13T22:00:00,51.3,0,5.3,74.2,32.6,No
2026-02-13T23:00:00,52.2,0.03,12.7,47.1,32.6,No
2026-02-14T00:00:00,44.9,0,3.9,61.1,24.1,Yes
2026-02-14T01:00:00,53.6,0.09,8.1,77.6,39.4,No
2026-02-14T02:00:00,51.7,0,7.4,54.2,39.4,No
2026-02-14T03:00:00,52.5,0,6.4,58.8,40.6,No
2026-02-14T04:00:00,53.6,0,6.5,87.6,34.7,No
2026-02-14T05:00:00,61.4,0,9.6,89.2,45.9,No
2026-02-14T06:00:00,49.6,0,5.0,39.2,32.6,No
2026-02-14T07:00:00,46.0,0,7.9,87.0,30.9,Yes
2026-02-14T08:00:00,51.1,0,9.3,80.0,33.3,No
2026-02-14T09:00:00,57.5,0,2.4,68.7,42.6,No
2026-02-14T10:00:00,58.4,0,12.4,69.1,45.6,No
2026-02-14T11:00:00,48.9,0.04,4.3,51.7,31.8,Yes
2026-02-14T12:00:00,54.8,0,7.1,79.9,39.4,No
2026-02-14T13:00:00,72.3,0,9.1,36.7,58.6,No
2026-02-14T14:00:00,49.5,0,9.7,59.7,30.9,Yes
2026-02-14T15:00:00,49.5,0,9.2,41.9,29.4,Yes
2026-02-14T16:00:00,57.3,0,9.1,76.2,39.8,No
2026-02-14T17:00:00,62.9,0,8.2,47.2,43.6,No
2026-02-14T18:00:00,63.2,0,2.2,84.9,43.7,No
2026-02-14T19:00:00,50.8,0,0,78.9,33.4,No
2026-02-14T20:00:00,46.1,0,10.2,89.6,30.7,Yes
2026-02-14T21:00:00,64.7,0,1.2,31.7,52.8,No
2026-02-14T22:00:00,47.1,0,3.1,92.7,27.2,Yes
2026-02-14T23:00:00,55.1,0,8.2,41.7,33.3,No
2026-02-15T00:00:00,59.5,0,3.4,42.7,43.1,No
2026-02-15T01:00:00,57.4,0,11.0,57.4,44.0,No
2026-02-15T02:00:00,55.8,0,8.1,63.2,39.7,No
2026-02-15T03:00:00,47.0,0,6.0,74.4,34.2,No
2026-02-15T04:00:00,53.2,0,11.8,86.8,35.5,No
2026-02-15T05:00:00,58.1,0.07,10.8,63.0,39.4,No
2026-02-15T06:00:00,52.5,0,9.9,48.6,39.8,No
2026-02-15T07:00:00,49.7,0,3.1,48.2,35.6,No
2026-02-15T08:00:00,62.6,0,9.8,38.2,46.7,No
2026-02-15T09:00:00,49.9,0,11.2,80.4,36.5,No
2026-02-15T10:00:00,67.5,0,8.4,90.2,54.0,No
2026-02-15T11:00:00,63.8,0,10.3,35.1,49.9,No
2026-02-15T12:00:00,47.7,0,6.4,62.4,35.2,No
2026-02-15T13:00:00,45.3,0,7.6,77.7,30.2,Yes
2026-02-15T14:00:00,45.2,0.02,7.9,88.3,24.6,Yes
2026-02-15T15:00:00,62.6,0,4.4,30.5,48.9,No
2026-02-15T16:00:00,65.0,0,7.8,63.3,46.2,No
2026-02-15T17:00:00,51.3,0,1.9,64.4,37.8,No
2026-02-15T18:00:00,52.9,0,6.9,43.0,39.0,No
2026-02-15T19:00:00,47.1,0,6.4,59.6,33.2,No
2026-02-15T20:00:00,65.2,0,7.6,63.0,46.4,No
2026-02-15T21:00:00,55.7,0,2.6,88.6,37.3,No
2026-02-15T22:00:00,57.8,0,13.0,75.2,40.9,No
2026-02-15T23:00:00,50.0,0,7.0,76.7,34.8,No
2026-02-16T00:00:00,68.9,0,5.3,48.6,52.7,No
2026-02-16T01:00:00,55.5,0,2.3,89.3,41.6,No
2026-02-16T02:00:00,59.6,0,10.8,68.1,44.1,No
2026-02-16T03:00:00,48.2,0,12.6,57.7,29.1,Yes
2026-02-16T04:00:00,58.1,0,11.6,44.4,37.6,No
2026-02-16T05:00:00,52.8,0.0,8.0,72.8,33.1,No
2026-02-16T06:00:00,61.3,0,4.6,33.9,42.8,No
2026-02-16T07:00:00,53.9,0,4.5,63.1,40.6,No
2026-02-16T08:00:00,50.8,0.01,15.1,88.3,35.4,No
2026-02-16T09:00:00,58.7,0,3.0,87.5,42.8,No
2026-02-16T10:00:00,65.5,0.02,10.4,37.8,51.6,No
2026-02-16T11:00:00,68.4,0.17,5.1,39.3,51.6,No
2026-02-16T12:00:00,54.3,0.16,7.3,30.7,37.9,No
2026-02-16T13:00:00,41.9,0,0,64.1,29.5,Yes
2026-02-16T14:00:00,66.7,0,7.9,61.0,49.5,No
2026-02-16T15:00:00,47.3,0,3.6,59.9,34.3,No
2026-02-16T16:00:00,45.6,0,5.4,48.4,36.1,No
2026-02-16T17:00:00,46.4,0,5.4,84.0,31.0,Yes
2026-02-16T18:00:00,55.2,0,5.2,91.8,35.7,No
2026-02-16T19:00:00,54.9,0,8.7,51.5,43.7,No
2026-02-16T20:00:00,55.7,0,14.2,38.4,38.0,No
2026-02-16T21:00:00,45.8,0,10.9,73.2,27.7,Yes
2026-02-16T22:00:00,49.9,0,6.4,68.1,35.1,No
2026-02-16T23:00:00,53.6,0.25,10.6,56.3,33.3,No
2026-02-17T00:00:00,57.9,0,8.3,33.1,44.4,No
2026-02-17T01:00:00,66.0,0,9.2,87.8,51.6,No
2026-02-17T02:00:00,46.0,0,11.4,78.9,31.4,Yes
2026-02-17T03:00:00,66.3,0,0.1,35.5,47.7,No
2026-02-17T04:00:00,55.3,0,7.2,87.9,44.3,No
2026-02-17T05:00:00,62.0,0,8.6,94.3,49.0,No
2026-02-17T06:00:00,49.9,0,8.0,51.5,33.0,No
2026-02-17T07:00:00,67.3,0,13.1,63.6,54.1,No
2026-02-17T08:00:00,40.8,0,7.5,50.4,24.6,Yes
2026-02-17T09:00:00,52.9,0,10.5,88.3,39.3,No
2026-02-17T10:00:00,49.2,0,0.6,55.7,34.2,No
2026-02-17T11:00:00,50.0,0,9.1,77.7,34.3,No
2026-02-17T12:00:00,45.4,0,9.1,47.2,28.9,Yes
2026-02-17T13:00:00,49.9,0,7.1,34.6,33.6,No
2026-02-17T14:00:00,42.2,0,12.2,42.9,26.2,Yes
2026-02-17T15:00:00,53.6,0,10.6,49.2,34.2,No
2026-02-17T16:00:00,54.6,0,9.4,39.5,36.2,No
2026-02-17T17:00:00,56.6,0.19,6.7,75.1,38.9,No
2026-02-17T18:00:00,58.6,0,14.4,92.6,40.7,No
2026-02-17T19:00:00,63.2,0,11.2,90.1,47.2,No
2026-02-17T20:00:00,55.5,0,3.6,76.1,41.3,No
2026-02-17T21:00:00,72.3,0,2.0,39.9,53.4,No
2026-02-17T22:00:00,75.6,0,4.6,67.2,57.2,No
2026-02-17T23:00:00,59.9,0.09,5.7,69.5,46.8,No
2026-02-18T00:00:00,52.8,0,12.7,30.7,37.4,No
2026-02-18T01:00:00,60.2,0,12.6,32.5,45.0,No
2026-02-18T02:00:00,53.0,0.11,10.4,63.7,38.5,No
2026-02-18T03:00:00,44.0,0,5.9,51.4,28.8,Yes
2026-02-18T04:00:00,48.9,0,5.1,60.2,33.7,No
2026-02-18T05:00:00,39.4,0,9.3,52.3,26.9,Yes
2026-02-18T06:00:00,52.2,0.06,15.7,75.2,34.4,No
2026-02-18T07:00:00,51.5,0,9.3,76.8,38.9,No
2026-02-18T08:00:00,59.7,0,7.6,74.7,46.7,No
2026-02-18T09:00:00,55.7,0,5.4,69.9,38.5,No
2026-02-18T10:00:00,43.1,0,6.7,90.7,31.2,Yes
2026-02-18T11:00:00,54.6,0,9.9,40.3,42.7,No
2026-02-18T12:00:00,58.4,0,9.8,75.4,45.3,No
2026-02-18T13:00:00,57.9,0,2.2,88.6,48.0,No
2026-02-18T14:00:00,58.8,0,9.6,64.9,43.6,No
2026-02-18T15:00:00,72.3,0,6.1,72.6,62.5,No
2026-02-18T16:00:00,54.5,0,10.0,64.9,35.6,No
2026-02-18T17:00:00,69.0,0,8.4,38.1,53.0,No
2026-02-18T18:00:00,47.0,0,7.0,87.9,33.0,No
2026-02-18T19:00:00,73.6,0,12.9,34.1,61.5,No
2026-02-18T20:00:00,57.8,0,8.6,64.5,45.0,No
2026-02-18T21:00:00,35.4,0.05,0.7,73.2,21.2,Yes
2026-02-18T22:00:00,49.3,0,9.0,71.7,37.0,No
2026-02-18T23:00:00,41.2,0,5.5,31.1,23.1,Yes
2026-02-19T00:00:00,58.0,0,7.3,80.1,42.9,No
2026-02-19T01:00:00,50.8,0,6.6,76.4,33.9,No
2026-02-19T02:00:00,46.6,0.01,4.1,67.9,28.4,Yes
2026-02-19T03:00:00,35.7,0,0,33.3,18.5,Yes
2026-02-19T04:00:00,62.1,0,10.1,51.4,40.5,No
2026-02-19T05:00:00,57.7,0.11,9.2,59.6,46.3,No
2026-02-19T06:00:00,59.4,0,10.4,55.4,45.0,No
2026-02-19T07:00:00,53.7,0,4.6,80.3,44.5,No
2026-02-19T08:00:00,48.9,0.11,12.2,84.3,31.7,Yes
2026-02-19T09:00:00,48.7,0.02,7.8,64.0,30.4,Yes
2026-02-19T10:00:00,56.9,0,13.3,43.3,40.2,No
2026-02-19T11:00:00,56.3,0.06,5.8,83.7,36.4,No
2026-02-19T12:00:00,45.8,0,14.2,78.8,27.7,Yes
2026-02-19T13:00:00,56.9,0,9.4,64.8,44.5,No
2026-02-19T14:00:00,71.7,0,10.9,84.1,56.5,No
2026-02-19T15:00:00,56.5,0,9.5,86.4,37.7,No
2026-02-19T16:00:00,60.7,0,5.5,66.5,48.9,No
2026-02-19T17:00:00,65.3,0.14,10.4,78.9,50.8,No
2026-02-19T18:00:00,53.6,0.07,3.8,78.7,40.9,No
2026-02-19T19:00:00,43.3,0,9.8,37.0,32.9,No
2026-02-19T20:00:00,50.1,0,12.2,78.5,33.0,No
2026-02-19T21:00:00,47.7,0,10.1,38.3,38.7,No
2026-02-19T22:00:00,51.6,0,6.7,54.5,39.9,No
2026-02-19T23:00:00,53.2,0,2.4,67.8,35.8,No
2026-02-20T00:00:00,59.4,0,4.8,88.4,45.4,No
2026-02-20T01:00:00,67.2,0,12.5,72.0,55.5,No
2026-02-20T02:00:00,60.5,0,3.6,50.1,45.9,No
2026-02-20T03:00:00,63.5,0.07,6.7,65.8,52.5,No
2026-02-20T04:00:00,57.4,0,6.4,52.8,45.2,No
2026-02-20T05:00:00,46.7,0,13.7,36.8,35.3,No
2026-02-20T06:00:00,53.6,0,5.1,66.0,38.3,No
2026-02-20T07:00:00,62.9,0,0,76.2,49.1,No
2026-02-20T08:00:00,60.4,0,5.3,38.6,41.1,No
2026-02-20T09:00:00,47.5,0,0.3,30.9,32.8,No
2026-02-20T10:00:00,51.6,0,3.6,75.4,37.9,No
2026-02-20T11:00:00,52.7,0,5.0,34.3,34.0,No
2026-02-20T12:00:00,60.9,0,1.2,60.5,49.3,No
2026-02-20T13:00:00,50.4,0,11.0,79.9,36.9,No
2026-02-20T14:00:00,60.2,0,9.4,94.1,41.0,No
2026-02-20T15:00:00,53.3,0.19,12.9,42.0,39.6,No
2026-02-20T16:00:00,65.7,0,9.0,54.4,51.8,No
2026-02-20T17:00:00,48.8,0.12,1.9,70.3,37.1,No
2026-02-20T18:00:00,62.4,0,10.1,38.4,48.9,No
2026-02-20T19:00:00,57.5,0.22,8.6,50.2,45.3,No
2026-02-20T20:00:00,55.7,0,8.9,86.7,39.7,No
2026-02-20T21:00:00,55.7,0,10.6,72.5,39.9,No
2026-02-20T22:00:00,53.4,0,6.8,31.3,36.2,No
2026-02-20T23:00:00,55.4,0,0.9,83.0,39.8,No
2026-02-21T00:00:00,50.9,0.02,7.9,61.3,38.0,No
2026-02-21T01:00:00,51.7,0.17,8.1,78.6,38.2,No
2026-02-21T02:00:00,45.7,0,6.0,50.0,29.3,Yes
2026-02-21T03:00:00,47.0,0.02,14.3,50.7,32.4,No
2026-02-21T04:00:00,61.8,0,0.9,46.1,40.0,No
2026-02-21T05:00:00,52.5,0,6.5,72.0,35.4,No
2026-02-21T06:00:00,64.8,0,6.0,50.0,45.7,No
2026-02-21T07:00:00,46.4,0,5.8,73.8,33.2,No
2026-02-21T08:00:00,38.0,0,12.0,89.2,29.8,Yes
2026-02-21T09:00:00,63.7,0,10.8,44.4,50.1,No
2026-02-21T10:00:00,59.1,0,0,45.2,40.7,No
2026-02-21T11:00:00,58.9,0.07,7.1,76.6,39.4,No
2026-02-21T12:00:00,62.6,0,8.2,70.5,45.0,No
2026-02-21T13:00:00,53.4,0.06,5.6,31.5,33.2,No
2026-02-21T14:00:00,48.0,0,3.1,49.7,31.1,Yes
2026-02-21T15:00:00,63.8,0.05,12.4,43.1,54.7,No
2026-02-21T16:00:00,51.1,0.06,11.1,58.2,33.7,No
2026-02-21T17:00:00,55.3,0,0,90.0,33.6,No
2026-02-21T18:00:00,43.2,0,6.7,37.4,30.9,Yes
2026-02-21T19:00:00,52.6,0.04,11.5,60.3,37.6,No
2026-02-21T20:00:00,62.1,0,6.9,47.9,47.1,No
2026-02-21T21:00:00,63.6,0,7.9,73.7,49.5,No
2026-02-21T22:00:00,55.7,0,10.6,51.2,36.7,No
2026-02-21T23:00:00,69.2,0,7.8,51.9,56.8,No
2026-02-22T00:00:00,45.8,0,6.1,31.4,26.6,Yes
2026-02-22T01:00:00,60.3,0.19,10.4,64.7,45.8,No
2026-02-22T02:00:00,58.2,0,4.2,30.1,44.6,No
2026-02-22T03:00:00,73.6,0,0,82.9,56.6,No
2026-02-22T04:00:00,56.1,0.01,13.0,78.9,39.6,No
2026-02-22T05:00:00,53.7,0,13.4,35.5,33.4,No
2026-02-22T06:00:00,59.2,0.02,13.2,63.8,45.4,No
2026-02-22T07:00:00,44.0,0,3.3,56.9,29.5,Yes
2026-02-22T08:00:00,48.5,0,1.8,62.0,27.9,Yes
2026-02-22T09:00:00,59.3,0,0.8,45.6,45.1,No
2026-02-22T10:00:00,45.7,0,10.0,92.8,35.6,No
2026-02-22T11:00:00,73.5,0,8.9,89.4,54.6,No
2026-02-22T12:00:00,56.4,0,0,61.8,39.4,No
2026-02-22T13:00:00,68.6,0.01,8.5,78.1,55.7,No
2026-02-22T14:00:00,50.0,0,13.1,57.6,35.2,No
2026-02-22T15:00:00,51.9,0,2.6,63.3,36.3,No
2026-02-22T16:00:00,61.6,0,15.4,79.9,50.5,No
2026-02-22T17:00:00,59.6,0,9.4,81.3,40.6,No
2026-02-22T18:00:00,53.0,0,4.2,76.8,41.1,No
2026-02-22T19:00:00,51.9,0,7.1,56.9,36.6,No
2026-02-22T20:00:00,63.3,0,12.1,84.0,40.8,No
2026-02-22T21:00:00,61.0,0,9.1,88.7,47.3,No
2026-02-22T22:00:00,38.1,0,4.4,44.7,24.1,Yes
2026-02-22T23:00:00,58.9,0,10.7,34.4,45.4,No
2026-02-23T00:00:00,53.6,0,12.2,86.8,39.1,No
2026-02-23T01:00:00,51.1,0,10.4,72.5,33.2,No
2026-02-23T02:00:00,63.8,0,9.1,63.3,45.0,No
2026-02-23T03:00:00,61.5,0,7.8,40.0,43.8,No
2026-02-23T04:00:00,54.1,0,11.2,85.2,36.0,No
2026-02-23T05:00:00,54.3,0.1,0.7,76.3,40.7,No
2026-02-23T06:00:00,48.2,0,7.8,59.9,31.0,Yes
2026-02-23T07:00:00,57.4,0.02,6.0,85.9,41.4,No
2026-02-23T08:00:00,50.2,0,11.6,56.5,35.8,No
2026-02-23T09:00:00,59.8,0,8.9,60.4,47.5,No
2026-02-23T10:00:00,64.8,0,0,81.3,50.8,No
2026-02-23T11:00:00,60.2,0.15,10.4,60.7,42.9,No
2026-02-23T12:00:00,66.5,0.11,9.1,42.9,51.8,No
2026-02-23T13:00:00,39.8,0,10.5,71.4,19.4,Yes
2026-02-23T14:00:00,53.1,0,11.9,83.6,41.6,No
2026-02-23T15:00:00,52.9,0,8.7,71.6,41.4,No
2026-02-23T16:00:00,53.0,0,8.1,90.3,37.5,No
2026-02-23T17:00:00,49.2,0,11.6,87.9,35.6,No
2026-02-23T18:00:00,48.9,0,13.1,74.7,37.2,No
2026-02-23T19:00:00,42.2,0,1.9,66.7,29.3,Yes
2026-02-23T20:00:00,54.8,0,0.9,43.3,37.2,No
2026-02-23T21:00:00,57.9,0.04,5.7,44.1,45.8,No
2026-02-23T22:00:00,60.7,0,5.3,31.1,45.0,No
2026-02-23T23:00:00,64.3,0,2.7,46.6,45.5,No
2026-02-24T00:00:00,71.4,0,10.9,83.4,58.0,No
2026-02-24T01:00:00,53.3,0,9.1,71.4,36.5,No
2026-02-24T02:00:00,60.0,0,10.2,55.6,45.8,No
2026-02-24T03:00:00,51.9,0,9.8,53.4,36.7,No
2026-02-24T04:00:00,59.8,0,6.2,42.5,49.6,No
2026-02-24T05:00:00,48.1,0,12.8,47.0,29.1,Yes
2026-02-24T06:00:00,53.5,0,16.3,31.4,35.1,No
2026-02-24T07:00:00,61.1,0,6.4,83.1,46.6,No
2026-02-24T08:00:00,52.8,0,12.4,39.1,33.0,No
2026-02-24T09:00:00,64.9,0,9.7,77.0,52.8,No
2026-02-24T10:00:00,50.7,0,4.1,33.1,33.0,No
2026-02-24T11:00:00,49.0,0,3.1,45.4,35.2,No
2026-02-24T12:00:00,58.7,0,12.1,58.9,48.0,No
2026-02-24T13:00:00,65.6,0,2.1,65.9,55.5,No
2026-02-24T14:00:00,58.3,0,2.2,45.6,42.0,No
2026-02-24T15:00:00,57.4,0,13.2,88.1,45.4,No
2026-02-24T16:00:00,40.9,0.0,4.0,81.8,30.4,Yes
2026-02-24T17:00:00,52.5,0,8.3,75.9,38.5,No
2026-02-24T18:00:00,39.2,0,5.7,82.1,24.5,Yes
2026-02-24T19:00:00,62.9,0,5.3,90.2,47.3,No
2026-02-24T20:00:00,37.9,0,11.5,72.5,26.7,Yes
2026-02-24T21:00:00,46.5,0,7.2,40.1,26.7,Yes
2026-02-24T22:00:00,48.5,0,11.5,32.6,31.3,Yes
2026-02-24T23:00:00,68.6,0,12.6,92.4,49.4,No
2026-02-25T00:00:00,43.9,0,10.8,83.8,26.6,Yes
2026-02-25T01:00:00,59.0,0,2.9,70.4,43.9,No
2026-02-25T02:00:00,51.3,0,3.4,67.3,35.8,No
2026-02-25T03:00:00,59.9,0,3.3,59.7,47.5,No
2026-02-25T04:00:00,46.8,0,9.8,87.8,30.2,Yes
2026-02-25T05:00:00,56.1,0,3.1,31.7,43.5,No
2026-02-25T06:00:00,55.5,0,9.6,82.9,44.1,No
2026-02-25T07:00:00,52.7,0,5.7,51.7,35.3,No
2026-02-25T08:00:00,54.9,0.07,4.6,72.0,40.1,No
2026-02-25T09:00:00,49.4,0.07,6.5,85.0,33.0,No
2026-02-25T10:00:00,59.5,0,13.0,51.4,45.5,No
2026-02-25T11:00:00,60.6,0,8.2,73.7,43.5,No
2026-02-25T12:00:00,50.3,0,6.9,85.1,35.8,No
2026-02-25T13:00:00,50.2,0,5.5,53.1,37.3,No
2026-02-25T14:00:00,58.5,0,4.8,64.5,45.5,No
2026-02-25T15:00:00,58.9,0,4.7,48.5,47.3,No
2026-02-25T16:00:00,62.1,0,7.1,40.3,51.0,No
2026-02-25T17:00:00,54.1,0,7.4,56.2,41.1,No
2026-02-25T18:00:00,59.4,0,2.5,52.6,46.6,No
2026-02-25T19:00:00,62.3,0,10.6,93.3,48.4,No
2026-02-25T20:00:00,45.7,0,4.7,77.4,31.5,Yes
2026-02-25T21:00:00,47.0,0,5.0,44.0,28.7,Yes
2026-02-25T22:00:00,45.4,0,6.6,56.9,28.4,Yes
2026-02-25T23:00:00,54.5,0,7.4,30.7,36.8,No
2026-02-26T00:00:00,47.1,0,4.0,75.6,35.6,No
2026-02-26T01:00:00,66.5,0,11.1,87.0,45.6,No
2026-02-26T02:00:00,52.3,0,4.6,65.7,35.2,No
2026-02-26T03:00:00,57.2,0,13.8,70.5,37.1,No
2026-02-26T04:00:00,52.2,0,2.3,45.2,37.1,No
2026-02-26T05:00:00,47.7,0,7.2,84.5,33.1,No
2026-02-26T06:00:00,58.3,0,14.7,81.3,50.1,No
2026-02-26T07:00:00,58.9,0.12,7.2,34.5,41.4,No
2026-02-26T08:00:00,63.2,0,6.9,80.0,49.3,No
2026-02-26T09:00:00,49.1,0,7.4,59.7,27.4,Yes
2026-02-26T10:00:00,57.7,0.04,7.8,31.1,41.7,No
2026-02-26T11:00:00,55.3,0,10.1,90.6,39.7,No
2026-02-26T12:00:00,53.1,0,15.8,58.7,38.0,No
2026-02-26T13:00:00,47.3,0,10.3,80.4,32.4,No
2026-02-26T14:00:00,47.5,0,9.7,51.9,36.2,No
2026-02-26T15:00:00,46.6,0,10.4,62.6,28.6,Yes
2026-02-26T16:00:00,61.7,0,2.0,36.2,46.3,No
2026-02-26T17:00:00,38.0,0,7.2,31.7,15.0,Yes
2026-02-26T18:00:00,52.4,0,5.8,93.6,38.2,No
2026-02-26T19:00:00,54.0,0,10.3,31.3,36.5,No
2026-02-26T20:00:00,61.2,0,0,49.1,45.5,No
2026-02-26T21:00:00,41.7,0,8.5,38.6,26.9,Yes
2026-02-26T22:00:00,48.7,0,4.6,81.2,36.9,No
2026-02-26T23:00:00,53.8,0,10.4,82.6,42.9,No
2026-02-27T00:00:00,65.6,0,6.2,42.9,50.9,No
2026-02-27T01:00:00,73.9,0,7.8,61.5,58.3,No
2026-02-27T02:00:00,53.3,0,7.1,79.6,37.9,No
2026-02-27T03:00:00,48.9,0,10.2,84.6,35.1,No
2026-02-27T04:00:00,64.1,0,6.5,42.4,52.0,No
2026-02-27T05:00:00,49.5,0.01,5.5,60.7,37.9,No
2026-02-27T06:00:00,50.8,0,1.6,59.3,30.9,Yes
2026-02-27T07:00:00,50.2,0,13.3,50.6,34.8,No
2026-02-27T08:00:00,46.3,0,3.7,39.1,26.7,Yes
2026-02-27T09:00:00,56.5,0,11.9,34.9,41.0,No
2026-02-27T10:00:00,52.9,0,3.4,94.6,37.0,No
2026-02-27T11:00:00,65.6,0,8.0,51.0,49.4,No
2026-02-27T12:00:00,47.2,0.05,10.7,57.8,36.1,No
2026-02-27T13:00:00,49.3,0,7.6,58.8,31.7,Yes
2026-02-27T14:00:00,59.7,0,7.7,35.8,40.0,No
2026-02-27T15:00:00,62.4,0,12.0,38.6,48.9,No
2026-02-27T16:00:00,56.8,0,0.4,42.1,37.0,No
2026-02-27T17:00:00,60.7,0,10.1,81.4,47.4,No
2026-02-27T18:00:00,54.7,0,1.9,79.2,45.6,No
2026-02-27T19:00:00,57.9,0,4.2,44.0,38.6,No
2026-02-27T20:00:00,56.0,0,14.7,44.0,40.5,No
2026-02-27T21:00:00,56.0,0,2.2,83.5,38.8,No
2026-02-27T22:00:00,52.3,0,7.0,92.0,40.8,No
2026-02-27T23:00:00,42.5,0,10.3,78.6,25.4,Yes
2026-02-28T00:00:00,56.3,0,7.3,63.8,40.8,No
2026-02-28T01:00:00,56.7,0,11.0,91.2,40.5,No
2026-02-28T02:00:00,54.7,0,5.6,67.4,37.8,No
2026-02-28T03:00:00,56.5,0,9.8,55.6,42.6,No
2026-02-28T04:00:00,50.2,0.21,2.4,30.4,40.1,No
2026-02-28T05:00:00,46.9,0,2.5,64.9,30.6,Yes
2026-02-28T06:00:00,57.6,0,7.7,52.0,43.8,No
2026-02-28T07:00:00,55.2,0,3.8,86.3,41.7,No
2026-02-28T08:00:00,41.9,0.07,8.3,87.3,30.8,Yes
2026-02-28T09:00:00,74.9,0,5.2,71.4,54.8,No
2026-02-28T10:00:00,53.8,0,8.1,94.8,42.9,No
2026-02-28T11:00:00,60.5,0,11.9,38.1,41.7,No
2026-02-28T12:00:00,58.2,0,6.1,90.6,42.5,No
2026-02-28T13:00:00,45.8,0,13.8,59.3,29.3,Yes
2026-02-28T14:00:00,57.1,0,5.7,40.0,44.9,No
2026-02-28T15:00:00,47.5,0,3.7,76.9,32.6,No
2026-02-28T16:00:00,55.2,0,4.0,78.2,42.3,No
2026-02-28T17:00:00,55.7,0,5.2,82.5,41.9,No
2026-02-28T18:00:00,51.4,0,14.0,92.2,41.3,No
2026-02-28T19:00:00,41.7,0,8.9,93.1,24.6,Yes
2026-02-28T20:00:00,63.5,0,4.7,94.9,48.9,No
2026-02-28T21:00:00,62.5,0,12.9,74.0,47.1,No
2026-02-28T22:00:00,67.0,0,6.6,35.8,54.6,No
2026-02-28T23:00:00,65.8,0.07,9.1,84.9,51.3,No
